aircraft_reg_num,Identifier,Flight.Number,Arr.Dep.Flag,New.Bay,TimeNow,Flht_Sch_Date_Frmt,CancelledFlight,delayMinutes,aircraftSwap,flightID,schd_dest,Flht_ETAETD_Date_Frmt,aircraft_reg_num_old,Conflict,IsFlagship,IsPartOfPair,aircraft_type,NewBay_prev,IsUSFlight,BestInsert,PaxConnBestInsert
A0WFV,EK0201_2016-12-28_D_04,EK0201,D,C24,28/12/2016 03:00,28/12/2016 04:30,0,35,,FL-EK-0201-20161228-DXB-JFK-0,JFK,28/12/2016 05:05,A0WFV,1,1,0,A380,B26R,1,C25,267.4032022
A0WFM,EK0001_2016-12-29_D_03,EK0001,D,HGRH,28/12/2016 03:00,29/12/2016 03:45,0,0,,FL-EK-0001-20161229-DXB-LHR-0,LHR,29/12/2016 03:45,A0WFM,0,1,0,A380,HGRH,0,none,1.00E+10
A0WLS,EK0001_2016-12-28_D_03,EK0001,D,B27,28/12/2016 03:00,28/12/2016 03:45,0,15,,FL-EK-0001-20161228-DXB-LHR-0,LHR,28/12/2016 04:00,A0WLS,1,1,0,A380,B27,0,A03,267.4032022
A0WDA,EK0235_2016-12-28_D_05,EK0235,D,B18L,28/12/2016 03:00,28/12/2016 05:45,0,149,,FL-EK-0235-20161228-DXB-ORD-0,ORD,28/12/2016 08:14,A0WDA,1,0,0,B7773ER,B18L,1,A07,267.4032022
A0WDD,EK0239_2016-12-28_D_22,EK0239,D,F06,28/12/2016 03:00,28/12/2016 22:35,0,0,,FL-EK-0239-20161229-DXB-BOS-0,BOS,28/12/2016 22:35,A0WDD,0,0,0,B7773ER,F06,1,none,1.00E+10
A0WDE,EK0229_2016-12-28_D_05,EK0229,D,B27,28/12/2016 03:00,28/12/2016 05:25,0,180,,FL-EK-0229-20161228-DXB-SEA-0,SEA,28/12/2016 08:25,A0WDE,1,0,0,B7773ER,B27,1,A07,267.4032022
A0WDJ,EK0235_2016-12-31_D_05,EK0235,D,HGRL,28/12/2016 03:00,31/12/2016 05:45,0,0,,FL-EK-0235-20161231-DXB-ORD-0,ORD,31/12/2016 05:45,A0WDJ,0,0,0,B7773ER,HGRL,1,none,1.00E+10
A0WDN,EK0229_2016-12-29_D_05,EK0229,D,HGRK,28/12/2016 03:00,29/12/2016 05:25,0,0,,FL-EK-0229-20161229-DXB-SEA-0,SEA,29/12/2016 05:25,A0WDN,0,0,0,B7773ER,HGRK,1,none,1.00E+10
A0WDW,EK0237_2016-12-28_D_04,EK0237,D,F07,28/12/2016 03:00,28/12/2016 04:40,0,149,,FL-EK-0237-20161228-DXB-BOS-0,BOS,28/12/2016 07:09,A0WDW,0,0,0,B7773ER,F07,1,none,1.00E+10
A0WFY,EK0207_2016-12-30_D_11,EK0207,D,HGR,28/12/2016 03:00,30/12/2016 11:00,0,0,,FL-EK-0207-20161230-DXB-JFK-0,JFK,30/12/2016 11:00,A0WFY,0,0,0,A380,HGR,1,none,1.00E+10
A0WFZ,EK0207_2016-12-28_D_11,EK0207,D,F19,28/12/2016 03:00,28/12/2016 11:00,0,0,,FL-EK-0207-20161228-DXB-JFK-0,JFK,28/12/2016 11:00,A0WFZ,0,0,0,A380,F19,1,none,1.00E+10
A0WIA,EK0213_2016-12-28_D_23,EK0213,D,B08,28/12/2016 03:00,28/12/2016 23:30,0,0,,FL-EK-0213-20161229-DXB-FLL-0,FLL,28/12/2016 23:30,A0WIA,0,0,0,B7772LR,B08,1,none,1.00E+10
A0WLD,EK0203_2016-12-28_D_22,EK0203,D,F19,28/12/2016 03:00,28/12/2016 22:35,0,0,,FL-EK-0203-20161229-DXB-JFK-0,JFK,28/12/2016 22:35,A0WLD,0,0,0,A380,F19,1,none,1.00E+10
A0WLY,EK0225_2016-12-28_D_04,EK0225,D,B26R,28/12/2016 03:00,28/12/2016 04:45,0,149,,FL-EK-0225-20161228-DXB-SFO-0,SFO,28/12/2016 07:14,A0WLY,1,0,0,A380,B26R,1,C24,267.4032022
A0WMJ,EK0211_2016-12-28_D_05,EK0211,D,F08,28/12/2016 03:00,28/12/2016 05:05,0,59,,FL-EK-0211-20161228-DXB-IAH-0,IAH,28/12/2016 06:04,A0WMJ,0,0,0,B7773ER,F08,1,none,1.00E+10
A0WMQ,EK0221_2016-12-28_D_22,EK0221,D,F07,28/12/2016 03:00,28/12/2016 22:50,0,0,,FL-EK-0221-20161229-DXB-DFW-0,DFW,28/12/2016 22:50,A0WMQ,0,0,0,B7773ER,F07,1,none,1.00E+10
A0WVH,EK0225_2016-12-29_D_04,EK0225,D,C25,28/12/2016 03:00,29/12/2016 04:45,0,0,,FL-EK-0225-20161229-DXB-SFO-0,SFO,29/12/2016 04:45,A0WVH,0,0,0,A380,C25,1,none,1.00E+10
A0WVL,EK0217_2016-12-28_D_11,EK0217,D,F18,28/12/2016 03:00,28/12/2016 11:00,0,0,,FL-EK-0217-20161228-DXB-LAX-0,LAX,28/12/2016 11:00,A0WVL,0,0,0,A380,F18,1,none,1.00E+10
A0WVO,EK0215_2016-12-28_D_04,EK0215,D,A04,28/12/2016 03:00,28/12/2016 04:30,0,35,,FL-EK-0215-20161228-DXB-LAX-0,LAX,28/12/2016 05:05,A0WVO,0,0,0,A380,A04,1,none,1.00E+10
A0WBB,EK0881_2016-12-28_D_15,EK0881,D,F10,28/12/2016 03:00,28/12/2016 15:20,0,0,,FL-EK-0881-20161228-DXB-DOH-0,DOH,28/12/2016 15:20,A0WBB,0,0,0,B777300,F10,0,none,1.00E+10
A0WBB,EK0601_2016-12-28_A_09,EK0601,A,G20,28/12/2016 03:00,28/12/2016 09:20,0,0,,FL-EK-0601-20161228-KHI-DXB-0,DXB,28/12/2016 09:20,A0WBB,0,0,0,B777300,G20,0,none,1.00E+10
A0WBB,EK0600_2016-12-28_D_03,EK0600,D,C40,28/12/2016 03:00,28/12/2016 03:30,0,0,,FL-EK-0600-20161228-DXB-KHI-0,KHI,28/12/2016 03:30,A0WBB,0,0,0,B777300,C40,0,none,1.00E+10
A0WBB,EK0512_2016-12-28_D_02,EK0512,D,G20,28/12/2016 03:00,29/12/2016 02:10,0,0,,FL-EK-0512-20161229-DXB-DEL-0,DEL,29/12/2016 02:10,A0WBB,0,0,0,B777300,G20,0,none,1.00E+10
A0WBC,EK0545_2016-12-28_A_08,EK0545,A,G22,28/12/2016 03:00,28/12/2016 08:40,0,0,,FL-EK-0545-20161228-MAA-DXB-0,DXB,28/12/2016 08:40,A0WBC,0,0,0,B777300,G22,0,none,1.00E+10
A0WBE,EK0531_2016-12-28_A_08,EK0531,A,B15,28/12/2016 03:00,28/12/2016 08:10,0,0,,FL-EK-0531-20161228-COK-DXB-0,DXB,28/12/2016 08:10,A0WBE,0,0,0,B777300,B15,0,none,1.00E+10
A0WBE,EK0609_2016-12-28_A_16,EK0609,A,G21,28/12/2016 03:00,28/12/2016 16:50,0,0,,FL-EK-0609-20161228-KHI-DXB-0,DXB,28/12/2016 16:50,A0WBE,0,0,0,B777300,G21,0,none,1.00E+10
A0WBE,EK0608_2016-12-28_D_10,EK0608,D,B15,28/12/2016 03:00,28/12/2016 10:25,0,0,,FL-EK-0608-20161228-DXB-KHI-0,KHI,28/12/2016 10:25,A0WBE,0,0,0,B777300,B15,0,none,1.00E+10
A0WBF,EK0602_2016-12-28_D_14,EK0602,D,B15,28/12/2016 03:00,28/12/2016 14:10,0,0,,FL-EK-0602-20161228-DXB-KHI-0,KHI,28/12/2016 14:10,A0WBF,0,0,0,B777300,B15,0,none,1.00E+10
A0WBI,EK0817_2016-12-28_D_14,EK0817,D,F04,28/12/2016 03:00,28/12/2016 14:40,0,0,,FL-EK-0817-20161228-DXB-RUH-0,RUH,28/12/2016 14:40,A0WBI,0,0,0,B777300,F04,0,none,1.00E+10
A0WBI,EK0608_2016-12-29_D_10,EK0608,D,HGR,28/12/2016 03:00,29/12/2016 10:25,0,0,,FL-EK-0608-20161229-DXB-KHI-0,KHI,29/12/2016 10:25,A0WBI,0,0,0,B777300,HGR,0,none,1.00E+10
A0WBI,EK0659_2016-12-28_A_10,EK0659,A,F04,28/12/2016 03:00,28/12/2016 10:20,0,0,,FL-EK-0659-20161228-MLE-DXB-0,DXB,28/12/2016 10:20,A0WBI,0,0,0,B777300,F04,0,none,1.00E+10
A0WBL,EK0803_2016-12-28_D_12,EK0803,D,B26L,28/12/2016 03:00,28/12/2016 12:10,0,0,,FL-EK-0803-20161228-DXB-JED-0,JED,28/12/2016 12:10,A0WBL,0,0,0,B777300,B26L,0,none,1.00E+10
A0WBL,EK0855_2016-12-29_D_03,EK0855,D,TB28,28/12/2016 03:00,29/12/2016 03:45,0,0,,FL-EK-0855-20161229-DXB-KWI-0,KWI,29/12/2016 03:45,A0WBL,0,0,0,B777300,TB28,0,none,1.00E+10
A0WBL,EK0971_2016-12-28_D_03,EK0971,D,F10,28/12/2016 03:00,28/12/2016 03:50,0,15,,FL-EK-0971-20161228-DXB-IKA-0,IKA,28/12/2016 04:05,A0WBL,0,0,0,B777300,F10,0,none,1.00E+10
A0WBL,EK0972_2016-12-28_A_09,EK0972,A,B26L,28/12/2016 03:00,28/12/2016 09:35,0,15,,FL-EK-0972-20161228-IKA-DXB-0,DXB,28/12/2016 09:50,A0WBL,0,0,0,B777300,B26L,0,none,1.00E+10
A0WBP,EK0658_2016-12-28_D_00,EK0658,D,G21,28/12/2016 03:00,29/12/2016 00:35,0,0,,FL-EK-0658-20161229-DXB-MLE-0,MLE,29/12/2016 00:35,A0WBP,0,0,0,B777300,G21,0,none,1.00E+10
A0WBP,EK0872_2016-12-28_A_12,EK0872,A,G21,28/12/2016 03:00,28/12/2016 12:55,0,0,,FL-EK-0872-20161228-KWI-DXB-0,DXB,28/12/2016 12:55,A0WBP,0,0,0,B777300,G21,0,none,1.00E+10
A0WBP,EK0871_2016-12-28_D_08,EK0871,D,F18,28/12/2016 03:00,28/12/2016 08:00,0,0,,FL-EK-0871-20161228-DXB-KWI-0,KWI,28/12/2016 08:00,A0WBP,1,0,0,B777300,F18,0,A07,267.4032022
A0WBS,EK0607_2016-12-28_A_11,EK0607,A,C28,28/12/2016 03:00,28/12/2016 11:15,0,30,,FL-EK-0607-20161228-KHI-DXB-0,DXB,28/12/2016 11:45,A0WBS,0,0,0,B777300,C28,0,none,1.00E+10
A0WBS,EK0606_2016-12-28_D_05,EK0606,D,B18L,28/12/2016 03:00,28/12/2016 05:30,0,35,,FL-EK-0606-20161228-DXB-KHI-0,KHI,28/12/2016 06:05,A0WBS,1,0,0,B777300,B18L,0,B01,267.4032022
A0WBS,EK0837_2016-12-29_D_04,EK0837,D,C28,28/12/2016 03:00,29/12/2016 04:30,0,0,,FL-EK-0837-20161229-DXB-BAH-0,BAH,29/12/2016 04:30,A0WBS,0,0,0,B777300,C28,0,none,1.00E+10
A0WBX,EK0513_2016-12-28_A_10,EK0513,A,F08,28/12/2016 03:00,28/12/2016 10:40,0,0,,FL-EK-0513-20161228-DEL-DXB-0,DXB,28/12/2016 10:40,A0WBX,0,0,0,B777300,F08,0,none,1.00E+10
A0WBY,EK0837_2016-12-28_D_04,EK0837,D,C39,28/12/2016 03:00,28/12/2016 04:30,0,35,,FL-EK-0837-20161228-DXB-BAH-0,BAH,28/12/2016 05:05,A0WBY,0,0,0,B777300,C39,0,none,1.00E+10
A0WBY,EK0838_2016-12-28_A_08,EK0838,A,F09,28/12/2016 03:00,28/12/2016 08:00,0,35,,FL-EK-0838-20161228-BAH-DXB-0,DXB,28/12/2016 08:35,A0WBY,0,0,0,B777300,F09,0,none,1.00E+10
A0WBY,EK0865_2016-12-28_A_16,EK0865,A,B15,28/12/2016 03:00,28/12/2016 16:15,0,0,,FL-EK-0865-20161228-MCT-DXB-0,DXB,28/12/2016 16:15,A0WBY,0,0,0,B777300,B15,0,none,1.00E+10
A0WBY,EK0544_2016-12-28_D_22,EK0544,D,B15,28/12/2016 03:00,28/12/2016 22:50,0,0,,FL-EK-0544-20161229-DXB-MAA-0,MAA,28/12/2016 22:50,A0WBY,0,0,0,B777300,B15,0,none,1.00E+10
A0WBY,EK0864_2016-12-28_D_12,EK0864,D,F09,28/12/2016 03:00,28/12/2016 12:40,0,0,,FL-EK-0864-20161228-DXB-MCT-0,MCT,28/12/2016 12:40,A0WBY,0,0,0,B777300,F09,0,none,1.00E+10
A0WCA,EK0775_2016-12-28_D_06,EK0775,D,A04,28/12/2016 03:00,28/12/2016 06:40,0,35,,FL-EK-0775-20161228-DXB-DUR-0,DUR,28/12/2016 07:15,A0WCA,0,0,0,B7773ER,A04,0,none,1.00E+10
A0WCC,EK0440_2016-12-28_D_22,EK0440,D,F24,28/12/2016 03:00,28/12/2016 22:00,0,0,,FL-EK-0440-20161229-DXB-ADL-0,ADL,28/12/2016 22:00,A0WCC,0,0,0,B7773ER,F24,0,none,1.00E+10
A0WCC,EK0825_2016-12-28_D_12,EK0825,D,F23,28/12/2016 03:00,28/12/2016 12:00,0,0,,FL-EK-0825-20161228-DXB-DMM-0,DMM,28/12/2016 12:00,A0WCC,0,0,0,B7773ER,F23,0,none,1.00E+10
A0WCC,EK0409_2016-12-28_A_09,EK0409,A,F23,28/12/2016 03:00,28/12/2016 09:05,0,0,,FL-EK-0409-20161228-MEL-DXB-0,DXB,28/12/2016 09:05,A0WCC,0,0,0,B7773ER,F23,0,none,1.00E+10
A0WCC,EK0826_2016-12-28_A_16,EK0826,A,F24,28/12/2016 03:00,28/12/2016 16:20,0,0,,FL-EK-0826-20161228-DMM-DXB-0,DXB,28/12/2016 16:20,A0WCC,0,0,0,B7773ER,F24,0,none,1.00E+10
A0WCD,EK0093_2016-12-28_D_05,EK0093,D,C29,28/12/2016 03:00,28/12/2016 05:10,0,119,,FL-EK-0093-20161228-DXB-BLQ-0,BLQ,28/12/2016 07:09,A0WCD,0,0,0,B7773ER,C29,0,none,1.00E+10
A0WCE,EK0572_2016-12-28_D_09,EK0572,D,F07,28/12/2016 03:00,28/12/2016 09:15,0,0,,FL-EK-0572-20161228-DXB-CCU-0,CCU,28/12/2016 09:15,A0WCE,0,0,0,B7773ER,F07,0,none,1.00E+10
A0WCF,EK0802_2016-12-28_A_05,EK0802,A,F19,28/12/2016 03:00,28/12/2016 05:30,0,0,,FL-EK-0802-20161228-JED-DXB-0,DXB,28/12/2016 05:30,A0WCF,1,0,0,B7773ER,F19,0,B01,267.4032022
A0WCF,EK0370_2016-12-28_D_07,EK0370,D,F20,28/12/2016 03:00,28/12/2016 07:45,0,15,,FL-EK-0370-20161228-DXB-BKK-0,BKK,28/12/2016 08:00,A0WCF,1,0,0,B7773ER,F20,0,A07,267.4032022
A0WCG,EK0133_2016-12-28_D_06,EK0133,D,C44,28/12/2016 03:00,28/12/2016 06:00,0,0,,FL-EK-0133-20161228-DXB-DME-0,DME,28/12/2016 06:00,A0WCG,0,0,0,B7773ER,C44,0,none,1.00E+10
A0WCH,EK0183_2016-12-28_D_04,EK0183,D,G16,28/12/2016 03:00,28/12/2016 04:20,0,180,,FL-EK-0183-20161228-DXB-BRU-0,BRU,28/12/2016 07:20,A0WCH,0,0,0,B7773ER,G16,0,none,1.00E+10
A0WCI,EK0542_2016-12-28_D_17,EK0542,D,F07,28/12/2016 03:00,28/12/2016 17:00,0,0,,FL-EK-0542-20161228-DXB-MAA-0,MAA,28/12/2016 17:00,A0WCI,0,0,0,B7773ER,F07,0,none,1.00E+10
A0WCI,EK0805_2016-12-28_D_03,EK0805,D,B25,28/12/2016 03:00,28/12/2016 03:05,0,0,,FL-EK-0805-20161228-DXB-JED-0,JED,28/12/2016 03:05,A0WCI,0,0,0,B7773ER,B25,0,none,1.00E+10
A0WCI,EK0806_2016-12-28_A_10,EK0806,A,D09,28/12/2016 03:00,28/12/2016 10:45,0,0,,FL-EK-0806-20161228-JED-DXB-0,DXB,28/12/2016 10:45,A0WCI,0,0,0,B7773ER,D09,0,none,1.00E+10
A0WCJ,EK0503_2016-12-28_A_16,EK0503,A,B18L,28/12/2016 03:00,28/12/2016 16:55,0,0,,FL-EK-0503-20161228-BOM-DXB-0,DXB,28/12/2016 16:55,A0WCJ,0,0,0,B7773ER,B18L,0,none,1.00E+10
A0WCJ,EK0502_2016-12-28_D_09,EK0502,D,F08,28/12/2016 03:00,28/12/2016 09:10,0,0,,FL-EK-0502-20161228-DXB-BOM-0,BOM,28/12/2016 09:10,A0WCJ,0,0,0,B7773ER,F08,0,none,1.00E+10
A0WCK,EK0770_2016-12-28_D_04,EK0770,D,C28,28/12/2016 03:00,28/12/2016 04:55,0,15,,FL-EK-0770-20161228-DXB-CPT-0,CPT,28/12/2016 05:10,A0WCK,0,0,0,B7773ER,C28,0,none,1.00E+10
A0WCL,EK0657_2016-12-28_A_08,EK0657,A,B26L,28/12/2016 03:00,28/12/2016 08:25,0,0,,FL-EK-0657-20161228-MLE-DXB-0,DXB,28/12/2016 08:25,A0WCL,1,0,0,B7773ER,B26L,0,A02,267.4032022
A0WCL,EK0648_2016-12-28_D_10,EK0648,D,B22,28/12/2016 03:00,28/12/2016 10:20,0,0,,FL-EK-0648-20161228-DXB-CMB-0,CMB,28/12/2016 10:20,A0WCL,1,0,0,B7773ER,B22,0,B17,333.8255149
A0WCM,EK0035_2016-12-28_D_03,EK0035,D,B18L,28/12/2016 03:00,28/12/2016 03:25,0,35,,FL-EK-0035-20161228-DXB-NCL-0,NCL,28/12/2016 04:00,A0WCM,1,0,0,B7773ER,B18L,0,A03,267.4032022
A0WCN,EK0953_2016-12-28_D_11,EK0953,D,F27,28/12/2016 03:00,28/12/2016 11:10,0,0,,FL-EK-0953-20161228-DXB-BEY-0,BEY,28/12/2016 11:10,A0WCN,0,0,0,B7773ER,F27,0,none,1.00E+10
A0WCN,EK0433_2016-12-28_A_09,EK0433,A,B18L,28/12/2016 03:00,28/12/2016 09:00,0,0,,FL-EK-0433-20161228-SIN-DXB-0,DXB,28/12/2016 09:00,A0WCN,1,0,0,B7773ER,B18L,0,A10,267.4032022
A0WCO,EK0163_2016-12-29_D_10,EK0163,D,HGR,28/12/2016 03:00,29/12/2016 10:35,0,0,,FL-EK-0163-20161229-DXB-DUB-0,DUB,29/12/2016 10:35,A0WCO,0,0,0,B7773ER,HGR,0,none,1.00E+10
A0WCO,EK0604_2016-12-28_D_21,EK0604,D,B16,28/12/2016 03:00,28/12/2016 21:05,0,0,,FL-EK-0604-20161229-DXB-KHI-0,KHI,28/12/2016 21:05,A0WCO,0,0,0,B7773ER,B16,0,none,1.00E+10
A0WCP,EK0164_2016-12-28_A_04,EK0164,A,B16,28/12/2016 03:00,28/12/2016 04:15,0,0,,FL-EK-0164-20161227-DUB-DXB-0,DXB,28/12/2016 04:15,A0WCP,0,0,0,B7773ER,B16,0,none,1.00E+10
A0WCP,EK0587_2016-12-28_A_18,EK0587,A,F25,28/12/2016 03:00,28/12/2016 18:10,0,5,,FL-EK-0587-20161228-DAC-DXB-0,DXB,28/12/2016 18:15,A0WCP,0,0,0,B7773ER,F25,0,none,1.00E+10
A0WCP,EK0586_2016-12-28_D_06,EK0586,D,F23,28/12/2016 03:00,28/12/2016 06:30,0,35,,FL-EK-0586-20161228-DXB-DAC-0,DAC,28/12/2016 07:05,A0WCP,1,0,0,B7773ER,F23,0,B01,267.4032022
A0WCQ,EK0308_2016-12-28_D_07,EK0308,D,B16,28/12/2016 03:00,28/12/2016 07:10,0,0,,FL-EK-0308-20161228-DXB-PEK-0,PEK,28/12/2016 07:10,A0WCQ,1,0,0,B7773ER,B16,0,B01,267.4032022
A0WCQ,EK0766_2016-12-28_A_04,EK0766,A,F25,28/12/2016 03:00,28/12/2016 04:15,0,0,,FL-EK-0766-20161227-JNB-DXB-0,DXB,28/12/2016 04:15,A0WCQ,0,0,0,B7773ER,F25,0,none,1.00E+10
A0WCR,EK0163_2016-12-28_D_10,EK0163,D,F24,28/12/2016 03:00,28/12/2016 10:35,0,0,,FL-EK-0163-20161228-DXB-DUB-0,DUB,28/12/2016 10:35,A0WCR,0,0,0,B7773ER,F24,0,none,1.00E+10
A0WCS,EK0037_2016-12-28_D_10,EK0037,D,B16,28/12/2016 03:00,28/12/2016 10:50,0,0,,FL-EK-0037-20161228-DXB-BHX-0,BHX,28/12/2016 10:50,A0WCS,0,0,0,B7773ER,B16,0,none,1.00E+10
A0WCS,EK0345_2016-12-28_A_09,EK0345,A,B16,28/12/2016 03:00,28/12/2016 09:20,0,0,,FL-EK-0345-20161228-KUL-DXB-0,DXB,28/12/2016 09:20,A0WCS,0,0,0,B7773ER,B16,0,none,1.00E+10
A0WCT,EK0707_2016-12-29_D_05,EK0707,D,HGRK,28/12/2016 03:00,29/12/2016 05:55,0,0,,FL-EK-0707-20161229-DXB-SEZ-0,SEZ,29/12/2016 05:55,A0WCT,0,0,0,B7773ER,HGRK,0,none,1.00E+10
A0WCU,EK0820_2016-12-28_A_08,EK0820,A,D04,28/12/2016 03:00,28/12/2016 08:20,0,0,,FL-EK-0820-20161228-RUH-DXB-0,DXB,28/12/2016 08:20,A0WCU,0,0,0,B7773ER,D04,0,none,1.00E+10
A0WCU,EK0765_2016-12-28_D_10,EK0765,D,D04,28/12/2016 03:00,28/12/2016 10:40,0,0,,FL-EK-0765-20161228-DXB-JNB-0,JNB,28/12/2016 10:40,A0WCU,0,0,0,B7773ER,D04,0,none,1.00E+10
A0WCW,EK0059_2016-12-28_D_04,EK0059,D,F26L,28/12/2016 03:00,28/12/2016 04:50,0,89,,FL-EK-0059-20161228-DXB-HAM-0,HAM,28/12/2016 06:19,A0WCW,1,0,0,B7773ER,F26L,0,B01,267.4032022
A0WCY,EK0386_2016-12-28_D_15,EK0386,D,F24,28/12/2016 03:00,28/12/2016 15:10,0,0,,FL-EK-0386-20161228-DXB-HKG-0,HKG,28/12/2016 15:10,A0WCY,0,0,0,B7773ER,F24,0,none,1.00E+10
A0WCY,EK0651_2016-12-28_A_09,EK0651,A,F25,28/12/2016 03:00,28/12/2016 09:00,0,0,,FL-EK-0651-20161228-CMB-DXB-0,DXB,28/12/2016 09:00,A0WCY,1,0,0,B7773ER,F25,0,A10,267.4032022
A0WCZ,EK0621_2016-12-28_A_10,EK0621,A,A05,28/12/2016 03:00,28/12/2016 10:45,0,0,,FL-EK-0621-20161228-SKT-DXB-0,DXB,28/12/2016 10:45,A0WCZ,0,0,0,B7773ER,A05,0,none,1.00E+10
A0WCZ,EK0614_2016-12-28_D_15,EK0614,D,A05,28/12/2016 03:00,28/12/2016 15:35,0,0,,FL-EK-0614-20161228-DXB-ISB-0,ISB,28/12/2016 15:35,A0WCZ,0,0,0,B7773ER,A05,0,none,1.00E+10
A0WDB,EK0247_2016-12-28_D_03,EK0247,D,B16,28/12/2016 03:00,28/12/2016 03:10,0,0,,FL-EK-0247-20161228-DXB-GIG-0,GIG,28/12/2016 03:10,A0WDB,1,0,0,B7773ER,B16,0,A01,267.4032022
A0WDC,EK0261_2016-12-28_D_05,EK0261,D,F26L,28/12/2016 03:00,28/12/2016 05:00,0,180,,FL-EK-0261-20161228-DXB-GRU-0,GRU,28/12/2016 08:00,A0WDC,1,0,0,B7773ER,F26L,0,A07,267.4032022
A0WDF,EK0312_2016-12-28_D_04,EK0312,D,C45,28/12/2016 03:00,28/12/2016 04:35,0,89,,FL-EK-0312-20161228-DXB-HND-0,HND,28/12/2016 06:04,A0WDF,0,0,0,B7773ER,C45,0,none,1.00E+10
A0WDG,EK0358_2016-12-28_D_07,EK0358,D,F17,28/12/2016 03:00,28/12/2016 07:00,0,0,,FL-EK-0358-20161228-DXB-CGK-0,CGK,28/12/2016 07:00,A0WDG,1,0,0,B7773ER,F17,0,B01,267.4032022
A0WDG,EK0240_2016-12-28_A_04,EK0240,A,B20,28/12/2016 03:00,28/12/2016 04:10,0,0,,FL-EK-0240-20161227-BOS-DXB-0,DXB,28/12/2016 04:10,A0WDG,1,0,0,B7773ER,B20,0,A03,267.4032022
A0WDH,EK0236_2016-12-28_A_15,EK0236,A,B20,28/12/2016 03:00,28/12/2016 15:00,0,0,,FL-EK-0236-20161227-ORD-DXB-0,DXB,28/12/2016 15:00,A0WDH,0,0,0,B7773ER,B20,0,none,1.00E+10
A0WDH,EK0955_2016-12-28_D_16,EK0955,D,B20,28/12/2016 03:00,28/12/2016 16:55,0,0,,FL-EK-0955-20161228-DXB-BEY-0,BEY,28/12/2016 16:55,A0WDH,0,0,0,B7773ER,B20,0,none,1.00E+10
A0WDK,EK0238_2016-12-28_A_15,EK0238,A,B24,28/12/2016 03:00,28/12/2016 15:30,0,0,,FL-EK-0238-20161227-BOS-DXB-0,DXB,28/12/2016 15:30,A0WDK,0,0,0,B7773ER,B24,0,none,1.00E+10
A0WDK,EK0821_2016-12-28_D_17,EK0821,D,B24,28/12/2016 03:00,28/12/2016 17:15,0,0,,FL-EK-0821-20161228-DXB-DMM-0,DMM,28/12/2016 17:15,A0WDK,0,0,0,B7773ER,B24,0,none,1.00E+10
A0WDL,EK0733_2016-12-29_D_10,EK0733,D,HGR,28/12/2016 03:00,29/12/2016 10:20,0,0,,FL-EK-0733-20161229-DXB-KRT-0,KRT,29/12/2016 10:20,A0WDL,0,0,0,B7773ER,HGR,0,none,1.00E+10
A0WDL,EK0222_2016-12-28_A_07,EK0222,A,B16,28/12/2016 03:00,28/12/2016 07:55,0,0,,FL-EK-0222-20161227-DFW-DXB-0,DXB,28/12/2016 07:55,A0WDL,1,0,0,B7773ER,B16,0,A02,267.4032022
A0WDL,EK0947_2016-12-28_D_09,EK0947,D,F26L,28/12/2016 03:00,28/12/2016 09:55,0,0,,FL-EK-0947-20161228-DXB-BSR-0,BSR,28/12/2016 09:55,A0WDL,1,0,0,B7773ER,F26L,0,A05,267.4032022
A0WDL,EK0948_2016-12-28_A_15,EK0948,A,B25,28/12/2016 03:00,28/12/2016 15:05,0,0,,FL-EK-0948-20161228-BSR-DXB-0,DXB,28/12/2016 15:05,A0WDL,0,0,0,B7773ER,B25,0,none,1.00E+10
A0WDM,EK0408_2016-12-28_D_23,EK0408,D,C40,28/12/2016 03:00,28/12/2016 23:00,0,0,,FL-EK-0408-20161229-DXB-MEL-0,MEL,28/12/2016 23:00,A0WDM,0,0,0,B7773ER,C40,0,none,1.00E+10
A0WDN,EK0849_2016-12-28_D_12,EK0849,D,A01,28/12/2016 03:00,28/12/2016 12:50,0,0,,FL-EK-0849-20161228-DXB-DOH-0,DOH,28/12/2016 12:50,A0WDN,0,0,0,B7773ER,A01,0,none,1.00E+10
A0WDN,EK0850_2016-12-28_A_16,EK0850,A,F10,28/12/2016 03:00,28/12/2016 16:20,0,0,,FL-EK-0850-20161228-DOH-DXB-0,DXB,28/12/2016 16:20,A0WDN,0,0,0,B7773ER,F10,0,none,1.00E+10
A0WDO,EK0793_2016-12-28_D_06,EK0793,D,F27,28/12/2016 03:00,28/12/2016 06:10,0,0,,FL-EK-0793-20161228-DXB-LAD-0,LAD,28/12/2016 06:10,A0WDO,1,0,0,B7773ER,F27,0,B01,267.4032022
A0WDP,EK0833_2016-12-28_D_17,EK0833,D,B17,28/12/2016 03:00,28/12/2016 17:15,0,0,,FL-EK-0833-20161228-DXB-BAH-0,BAH,28/12/2016 17:15,A0WDP,0,0,0,B7773ER,B17,0,none,1.00E+10
A0WDP,EK0230_2016-12-28_A_15,EK0230,A,F06,28/12/2016 03:00,28/12/2016 15:45,0,0,,FL-EK-0230-20161227-SEA-DXB-0,DXB,28/12/2016 15:45,A0WDP,0,0,0,B7773ER,F06,0,none,1.00E+10
A0WDQ,EK0875_2016-12-28_D_13,EK0875,D,B19,28/12/2016 03:00,28/12/2016 13:10,0,0,,FL-EK-0875-20161228-DXB-KWI-0,KWI,28/12/2016 13:10,A0WDQ,0,0,0,B7773ER,B19,0,none,1.00E+10
A0WDQ,EK0305_2016-12-28_A_08,EK0305,A,B19,28/12/2016 03:00,28/12/2016 08:20,0,0,,FL-EK-0305-20161228-PVG-DXB-0,DXB,28/12/2016 08:20,A0WDQ,0,0,0,B7773ER,B19,0,none,1.00E+10
A0WDQ,EK0318_2016-12-28_D_22,EK0318,D,F17,28/12/2016 03:00,28/12/2016 22:55,0,0,,FL-EK-0318-20161229-DXB-NRT-0,NRT,28/12/2016 22:55,A0WDQ,0,0,0,B7773ER,F17,0,none,1.00E+10
A0WDQ,EK0876_2016-12-28_A_18,EK0876,A,F17,28/12/2016 03:00,28/12/2016 18:20,0,0,,FL-EK-0876-20161228-KWI-DXB-0,DXB,28/12/2016 18:20,A0WDQ,0,0,0,B7773ER,F17,0,none,1.00E+10
A0WDR,EK0061_2016-12-28_D_11,EK0061,D,B20,28/12/2016 03:00,28/12/2016 11:00,0,0,,FL-EK-0061-20161228-DXB-HAM-0,HAM,28/12/2016 11:00,A0WDR,0,0,0,B7773ER,B20,0,none,1.00E+10
A0WDR,EK0397_2016-12-28_A_09,EK0397,A,B20,28/12/2016 03:00,28/12/2016 09:15,0,0,,FL-EK-0397-20161228-HKT-DXB-0,DXB,28/12/2016 09:15,A0WDR,0,0,0,B7773ER,B20,0,none,1.00E+10
A0WDS,EK0566_2016-12-28_D_09,EK0566,D,A01,28/12/2016 03:00,28/12/2016 09:35,0,0,,FL-EK-0566-20161228-DXB-BLR-0,BLR,28/12/2016 09:35,A0WDS,1,0,0,B7773ER,A01,0,A02,267.4032022
A0WDS,EK0228_2016-12-28_A_07,EK0228,A,F19,28/12/2016 03:00,28/12/2016 07:30,0,0,,FL-EK-0228-20161227-SEA-DXB-0,DXB,28/12/2016 07:30,A0WDS,1,0,0,B7773ER,F19,0,A07,267.4032022
A0WDU,EK0212_2016-12-28_A_15,EK0212,A,B17,28/12/2016 03:00,28/12/2016 15:20,0,0,,FL-EK-0212-20161227-IAH-DXB-0,DXB,28/12/2016 15:20,A0WDU,0,0,0,B7773ER,B17,0,none,1.00E+10
A0WDV,EK0191_2016-12-28_D_03,EK0191,D,B23,28/12/2016 03:00,28/12/2016 03:25,0,35,,FL-EK-0191-20161228-DXB-LIS-0,LIS,28/12/2016 04:00,A0WDV,1,0,0,B7773ER,B23,0,A03,267.4032022
A0WDZ,EK0334_2016-12-28_D_06,EK0334,D,C31,28/12/2016 03:00,28/12/2016 06:20,0,59,,FL-EK-0334-20161228-DXB-MNL-0,MNL,28/12/2016 07:19,A0WDZ,0,0,0,B7773ER,C31,0,none,1.00E+10
A0WFA,EK0072_2016-12-28_A_15,EK0072,A,F18,28/12/2016 03:00,28/12/2016 15:35,0,0,,FL-EK-0072-20161228-CDG-DXB-0,DXB,28/12/2016 15:35,A0WFA,0,0,0,A380,F18,0,none,1.00E+10
A0WFA,EK0374_2016-12-28_D_18,EK0374,D,F18,28/12/2016 03:00,28/12/2016 18:35,0,0,,FL-EK-0374-20161228-DXB-BKK-0,BKK,28/12/2016 18:35,A0WFA,0,0,0,A380,F18,0,none,1.00E+10
A0WFB,EK0017_2016-12-28_D_03,EK0017,D,C26,28/12/2016 03:00,28/12/2016 03:15,0,0,,FL-EK-0017-20161228-DXB-MAN-0,MAN,28/12/2016 03:15,A0WFB,0,0,0,A380,C26,0,none,1.00E+10
A0WFC,EK0029_2016-12-28_D_05,EK0029,D,B18R,28/12/2016 03:00,28/12/2016 05:40,0,89,,FL-EK-0029-20161228-DXB-LHR-0,LHR,28/12/2016 07:09,A0WFC,0,0,0,A380,B18R,0,none,1.00E+10
A0WFC,EK0076_2016-12-28_A_03,EK0076,A,B18R,28/12/2016 03:00,28/12/2016 03:20,0,0,,FL-EK-0076-20161227-CDG-DXB-0,DXB,28/12/2016 03:20,A0WFC,0,0,0,A380,B18R,0,none,1.00E+10
A0WFE,EK0015_2016-12-28_D_03,EK0015,D,E20,28/12/2016 03:00,28/12/2016 03:40,0,0,,FL-EK-0015-20161228-DXB-LGW-0,LGW,28/12/2016 03:40,A0WFE,0,0,0,A380,E20,0,none,1.00E+10
A0WFG,EK0206_2016-12-28_A_18,EK0206,A,F22,28/12/2016 03:00,28/12/2016 18:45,0,0,,FL-EK-0206-20161228-MXP-DXB-0,DXB,28/12/2016 18:45,A0WFG,0,0,0,A380,F22,0,none,1.00E+10
A0WFG,EK0366_2016-12-28_D_00,EK0366,D,F20,28/12/2016 03:00,29/12/2016 00:45,0,0,,FL-EK-0366-20161229-DXB-TPE-0,TPE,29/12/2016 00:45,A0WFG,0,0,0,A380,F20,0,none,1.00E+10
A0WFH,EK0185_2016-12-28_D_03,EK0185,D,F18,28/12/2016 03:00,28/12/2016 03:50,0,15,,FL-EK-0185-20161228-DXB-BCN-0,BCN,28/12/2016 04:05,A0WFH,1,0,0,A380,F18,0,A03,267.4032022
A0WFI,EK0362_2016-12-28_D_06,EK0362,D,D09,28/12/2016 03:00,28/12/2016 06:50,0,15,,FL-EK-0362-20161228-DXB-CAN-0,CAN,28/12/2016 07:05,A0WFI,0,0,0,A380,D09,0,none,1.00E+10
A0WFI,EK0086_2016-12-28_A_03,EK0086,A,D09,28/12/2016 03:00,28/12/2016 03:20,0,0,,FL-EK-0086-20161227-ZRH-DXB-0,DXB,28/12/2016 03:20,A0WFI,0,0,0,A380,D09,0,none,1.00E+10
A0WFI,EK0087_2016-12-29_D_04,EK0087,D,HGR,28/12/2016 03:00,29/12/2016 04:25,0,0,,FL-EK-0087-20161229-DXB-ZRH-0,ZRH,29/12/2016 04:25,A0WFI,0,0,0,A380,HGR,0,none,1.00E+10
A0WFL,EK0208_2016-12-28_A_10,EK0208,A,A10,28/12/2016 03:00,28/12/2016 10:05,0,0,,FL-EK-0208-20161227-JFK-DXB-0,DXB,28/12/2016 10:05,A0WFL,0,0,0,A380,A10,0,none,1.00E+10
A0WFL,EK0085_2016-12-28_D_11,EK0085,D,A10,28/12/2016 03:00,28/12/2016 11:50,0,0,,FL-EK-0085-20161228-DXB-ZRH-0,ZRH,28/12/2016 11:50,A0WFL,0,0,0,A380,A10,0,none,1.00E+10
A0WFN,EK0049_2016-12-28_D_04,EK0049,D,D05,28/12/2016 03:00,28/12/2016 04:40,0,35,,FL-EK-0049-20161228-DXB-MUC-0,MUC,28/12/2016 05:15,A0WFN,0,0,0,A380,D05,0,none,1.00E+10
A0WFR,EK0205_2016-12-28_D_05,EK0205,D,B27,28/12/2016 03:00,28/12/2016 05:10,0,59,,FL-EK-0205-20161228-DXB-MXP-0,MXP,28/12/2016 06:09,A0WFR,0,0,0,A380,B27,0,none,1.00E+10
A0WFS,EK0091_2016-12-28_D_11,EK0091,D,A02,28/12/2016 03:00,28/12/2016 11:40,0,0,,FL-EK-0091-20161228-DXB-MXP-0,MXP,28/12/2016 11:40,A0WFS,0,0,0,A380,A02,0,none,1.00E+10
A0WFT,EK0005_2016-12-28_D_12,EK0005,D,F22,28/12/2016 03:00,28/12/2016 12:05,0,0,,FL-EK-0005-20161228-DXB-LHR-0,LHR,28/12/2016 12:05,A0WFT,0,0,0,A380,F22,0,none,1.00E+10
A0WFT,EK0006_2016-12-28_A_04,EK0006,A,F22,28/12/2016 03:00,28/12/2016 04:45,0,0,,FL-EK-0006-20161227-LHR-DXB-0,DXB,28/12/2016 04:45,A0WFT,0,0,0,A380,F22,0,none,1.00E+10
A0WFU,EK0141_2016-12-28_D_03,EK0141,D,C24,28/12/2016 03:00,28/12/2016 03:25,0,0,,FL-EK-0141-20161228-DXB-MAD-0,MAD,28/12/2016 03:25,A0WFU,0,0,0,A380,C24,0,none,1.00E+10
A0WFX,EK0075_2016-12-28_D_10,EK0075,D,F13,28/12/2016 03:00,28/12/2016 10:50,0,0,,FL-EK-0075-20161228-DXB-CDG-0,CDG,28/12/2016 10:50,A0WFX,0,0,0,A380,F13,0,none,1.00E+10
A0WFY,EK0434_2016-12-28_D_06,EK0434,D,D03,28/12/2016 03:00,28/12/2016 06:25,0,35,,FL-EK-0434-20161228-DXB-BNE-0,BNE,28/12/2016 07:00,A0WFY,0,0,0,A380,D03,0,none,1.00E+10
A0WGA,EK0526_2016-12-28_D_23,EK0526,D,G18,28/12/2016 03:00,28/12/2016 23:45,0,0,,FL-EK-0526-20161229-DXB-HYD-0,HYD,28/12/2016 23:45,A0WGA,0,0,0,B7773ER,G18,0,none,1.00E+10
A0WGB,EK0808_2016-12-28_A_04,EK0808,A,B21L,28/12/2016 03:00,28/12/2016 04:20,0,0,,FL-EK-0808-20161228-MED-DXB-0,DXB,28/12/2016 04:20,A0WGB,0,0,0,B7773ER,B21L,0,none,1.00E+10
A0WGB,EK0630_2016-12-28_D_11,EK0630,D,B21L,28/12/2016 03:00,28/12/2016 11:15,0,0,,FL-EK-0630-20161228-DXB-MUX-0,MUX,28/12/2016 11:15,A0WGB,0,0,0,B7773ER,B21L,0,none,1.00E+10
A0WGC,EK0396_2016-12-28_D_19,EK0396,D,F08,28/12/2016 03:00,28/12/2016 19:00,0,0,,FL-EK-0396-20161228-DXB-HKT-0,HKT,28/12/2016 19:00,A0WGC,0,0,0,B777300,F08,0,none,1.00E+10
A0WGC,EK0026_2016-12-28_A_04,EK0026,A,B15,28/12/2016 03:00,28/12/2016 04:05,0,0,,FL-EK-0026-20161227-GLA-DXB-0,DXB,28/12/2016 04:05,A0WGC,1,0,0,B777300,B15,0,A03,267.4032022
A0WGD,EK0309_2016-12-28_A_07,EK0309,A,F10,28/12/2016 03:00,28/12/2016 07:40,0,0,,FL-EK-0309-20161228-PEK-DXB-0,DXB,28/12/2016 07:40,A0WGD,0,0,0,B7773ER,F10,0,none,1.00E+10
A0WGD,EK0143_2016-12-28_D_10,EK0143,D,F10,28/12/2016 03:00,28/12/2016 10:40,0,0,,FL-EK-0143-20161228-DXB-MAD-0,MAD,28/12/2016 10:40,A0WGD,0,0,0,B7773ER,F10,0,none,1.00E+10
A0WGE,EK0125_2016-12-28_D_12,EK0125,D,D07,28/12/2016 03:00,28/12/2016 12:50,0,0,AC-EK-A0WGE,FL-EK-0125-20161228-DXB-VIE-0,VIE,28/12/2016 12:50,A0WMK,0,0,0,B7773ER,D07,0,none,1.00E+10
A0WGE,EK0027_2016-12-28_D_03,EK0027,D,B20,28/12/2016 03:00,28/12/2016 03:20,1,0,,FL-EK-0027-20161228-DXB-GLA-0,GLA,28/12/2016 03:20,A0WGE,1,0,0,B7773ER,B20,0,A03,267.4032022
A0WGF,EK0089_2016-12-28_D_04,EK0089,D,C37,28/12/2016 03:00,28/12/2016 04:40,0,149,,FL-EK-0089-20161228-DXB-GVA-0,GVA,28/12/2016 07:09,A0WGF,0,0,0,B7773ER,C37,0,none,1.00E+10
A0WGG,EK0625_2016-12-28_A_10,EK0625,A,F17,28/12/2016 03:00,28/12/2016 10:50,0,0,,FL-EK-0625-20161228-LHE-DXB-0,DXB,28/12/2016 10:50,A0WGG,0,0,0,B7773ER,F17,0,none,1.00E+10
A0WGG,EK0622_2016-12-28_D_13,EK0622,D,F17,28/12/2016 03:00,28/12/2016 13:30,0,0,,FL-EK-0622-20161228-DXB-LHE-0,LHE,28/12/2016 13:30,A0WGG,0,0,0,B7773ER,F17,0,none,1.00E+10
A0WGK,EK0348_2016-12-29_D_03,EK0348,D,C29,28/12/2016 03:00,29/12/2016 03:45,0,0,,FL-EK-0348-20161229-DXB-CMB-0,CMB,29/12/2016 03:45,A0WGK,0,0,0,B7773ER,C29,0,none,1.00E+10
A0WGK,EK0783_2016-12-28_D_06,EK0783,D,B22,28/12/2016 03:00,28/12/2016 06:30,0,35,,FL-EK-0783-20161228-DXB-LOS-0,LOS,28/12/2016 07:05,A0WGK,0,0,0,B7773ER,B22,0,none,1.00E+10
A0WGK,EK0188_2016-12-28_A_03,EK0188,A,B22,28/12/2016 03:00,28/12/2016 03:50,0,0,,FL-EK-0188-20161227-BCN-DXB-0,DXB,28/12/2016 03:50,A0WGK,0,0,0,B7773ER,B22,0,none,1.00E+10
A0WGL,EK0369_2016-12-28_A_09,EK0369,A,F12,28/12/2016 03:00,28/12/2016 09:00,0,0,,FL-EK-0369-20161228-CGK-DXB-0,DXB,28/12/2016 09:00,A0WGL,0,0,0,B7773ER,F12,0,none,1.00E+10
A0WGL,EK0187_2016-12-28_D_11,EK0187,D,F12,28/12/2016 03:00,28/12/2016 11:40,0,0,,FL-EK-0187-20161228-DXB-BCN-0,BCN,28/12/2016 11:40,A0WGL,0,0,0,B7773ER,F12,0,none,1.00E+10
A0WGM,EK0021_2016-12-28_D_23,EK0021,D,TB08,28/12/2016 03:00,28/12/2016 23:00,0,0,,FL-EK-0021-20161229-DXB-MAN-0,MAN,28/12/2016 23:00,A0WGM,0,0,0,B7773ER,TB08,0,none,1.00E+10
A0WGM,EK0725_2016-12-28_D_06,EK0725,D,A01,28/12/2016 03:00,28/12/2016 06:30,0,35,,FL-EK-0725-20161228-DXB-DAR-0,DAR,28/12/2016 07:05,A0WGM,1,0,0,B7773ER,A01,0,B01,267.4032022
A0WGM,EK0779_2016-12-28_A_03,EK0779,A,B19,28/12/2016 03:00,28/12/2016 03:35,0,0,,FL-EK-0779-20161227-CPT-DXB-0,DXB,28/12/2016 03:35,A0WGM,0,0,0,B7773ER,B19,0,none,1.00E+10
A0WGN,EK0387_2016-12-28_A_08,EK0387,A,D05,28/12/2016 03:00,28/12/2016 08:35,0,0,,FL-EK-0387-20161228-HKG-DXB-0,DXB,28/12/2016 08:35,A0WGN,0,0,0,B777300,D05,0,none,1.00E+10
A0WGN,EK0979_2016-12-28_D_12,EK0979,D,D05,28/12/2016 03:00,28/12/2016 12:10,0,0,,FL-EK-0979-20161228-DXB-IKA-0,IKA,28/12/2016 12:10,A0WGN,0,0,0,B777300,D05,0,none,1.00E+10
A0WGO,EK0928_2016-12-28_A_13,EK0928,A,G17,28/12/2016 03:00,28/12/2016 13:45,0,155,,FL-EK-0928-20161228-CAI-DXB-0,DXB,28/12/2016 16:20,A0WGO,0,0,0,B7773ER,G17,0,none,1.00E+10
A0WGO,EK0927_2016-12-28_D_04,EK0927,D,G15,28/12/2016 03:00,28/12/2016 04:15,0,180,,FL-EK-0927-20161228-DXB-CAI-0,CAI,28/12/2016 07:15,A0WGO,0,0,0,B7773ER,G15,0,none,1.00E+10
A0WGO,EK0043_2016-12-28_D_23,EK0043,D,G17,28/12/2016 03:00,28/12/2016 23:20,0,0,,FL-EK-0043-20161229-DXB-FRA-0,FRA,28/12/2016 23:20,A0WGO,0,0,0,B7773ER,G17,0,none,1.00E+10
A0WGQ,EK0109_2016-12-28_D_03,EK0109,D,F19,28/12/2016 03:00,28/12/2016 03:50,0,15,,FL-EK-0109-20161228-DXB-LCA-0,LCA,28/12/2016 04:05,A0WGQ,1,0,0,B7773ER,F19,0,A03,267.4032022
A0WGR,EK0707_2016-12-28_D_05,EK0707,D,C46,28/12/2016 03:00,28/12/2016 05:55,0,149,,FL-EK-0707-20161228-DXB-SEZ-0,SEZ,28/12/2016 08:24,A0WGR,0,0,0,B7773ER,C46,0,none,1.00E+10
A0WGS,EK0852_2016-12-28_A_09,EK0852,A,A09,28/12/2016 03:00,28/12/2016 09:55,0,0,,FL-EK-0852-20161228-DOH-DXB-0,DXB,28/12/2016 09:55,A0WGS,0,0,0,B7773ER,A09,0,none,1.00E+10
A0WGS,EK0851_2016-12-28_D_06,EK0851,D,C30,28/12/2016 03:00,28/12/2016 06:20,0,0,,FL-EK-0851-20161228-DXB-DOH-0,DOH,28/12/2016 06:20,A0WGS,0,0,0,B7773ER,C30,0,none,1.00E+10
A0WGT,EK0083_2016-12-28_D_10,EK0083,D,D10,28/12/2016 03:00,28/12/2016 10:50,0,0,,FL-EK-0083-20161228-DXB-GVA-0,GVA,28/12/2016 10:50,A0WGT,0,0,0,B7773ER,D10,0,none,1.00E+10
A0WGU,EK0565_2016-12-28_A_09,EK0565,A,D06,28/12/2016 03:00,28/12/2016 09:00,0,0,,FL-EK-0565-20161228-BLR-DXB-0,DXB,28/12/2016 09:00,A0WGU,0,0,0,B7773ER,D06,0,none,1.00E+10
A0WGU,EK0528_2016-12-28_D_10,EK0528,D,D06,28/12/2016 03:00,28/12/2016 10:50,0,0,,FL-EK-0528-20161228-DXB-HYD-0,HYD,28/12/2016 10:50,A0WGU,0,0,0,B7773ER,D06,0,none,1.00E+10
A0WGW,EK0102_2016-12-28_A_15,EK0102,A,F04,28/12/2016 03:00,28/12/2016 15:20,0,0,,FL-EK-0102-20161228-MXP-DXB-0,DXB,28/12/2016 15:20,A0WGW,0,0,0,B7773ER,F04,0,none,1.00E+10
A0WGY,EK0905_2016-12-28_D_18,EK0905,D,F05,28/12/2016 03:00,28/12/2016 18:00,0,0,,FL-EK-0905-20161228-DXB-AMM-0,AMM,28/12/2016 18:00,A0WGY,0,0,0,B7773ER,F05,0,none,1.00E+10
A0WGY,EK0855_2016-12-28_D_03,EK0855,D,F09,28/12/2016 03:00,28/12/2016 03:45,0,0,,FL-EK-0855-20161228-DXB-KWI-0,KWI,28/12/2016 03:45,A0WGY,0,0,0,B7773ER,F09,0,none,1.00E+10
A0WGY,EK0856_2016-12-28_A_08,EK0856,A,G21,28/12/2016 03:00,28/12/2016 08:35,0,0,,FL-EK-0856-20161228-KWI-DXB-0,DXB,28/12/2016 08:35,A0WGY,0,0,0,B7773ER,G21,0,none,1.00E+10
A0WIA,EK0214_2016-12-28_A_15,EK0214,A,B08,28/12/2016 03:00,28/12/2016 15:40,0,0,,FL-EK-0214-20161227-FLL-DXB-0,DXB,28/12/2016 15:40,A0WIA,0,0,0,B7772LR,B08,0,none,1.00E+10
A0WIG,EK0304_2016-12-28_D_05,EK0304,D,B08,28/12/2016 03:00,28/12/2016 05:15,0,180,,FL-EK-0304-20161228-DXB-PVG-0,PVG,28/12/2016 08:15,A0WIG,0,0,0,B7772LR,B08,0,none,1.00E+10
A0WIG,EK0313_2016-12-28_A_03,EK0313,A,B08,28/12/2016 03:00,28/12/2016 03:20,0,59,,FL-EK-0313-20161228-HND-DXB-0,DXB,28/12/2016 04:19,A0WIG,0,0,0,B7772LR,B08,0,none,1.00E+10
A0WIJ,EK0877_2016-12-28_D_09,EK0877,D,B09,28/12/2016 03:00,28/12/2016 09:05,0,0,,FL-EK-0877-20161228-DXB-DOH-0,DOH,28/12/2016 09:05,A0WIJ,0,0,0,B7772LR,B09,0,none,1.00E+10
A0WIJ,EK0878_2016-12-28_A_13,EK0878,A,B09,28/12/2016 03:00,28/12/2016 13:00,0,0,,FL-EK-0878-20161228-DOH-DXB-0,DXB,28/12/2016 13:00,A0WIJ,0,0,0,B7772LR,B09,0,none,1.00E+10
A0WIK,EK0723_2016-12-28_D_06,EK0723,D,B14,28/12/2016 03:00,28/12/2016 06:30,0,35,,FL-EK-0723-20161228-DXB-ADD-0,ADD,28/12/2016 07:05,A0WIK,1,0,0,B7772LR,B14,0,B01,267.4032022
A0WIK,EK0724_2016-12-28_A_16,EK0724,A,B12,28/12/2016 03:00,28/12/2016 16:50,0,0,,FL-EK-0724-20161228-ADD-DXB-0,DXB,28/12/2016 16:50,A0WIK,0,0,0,B7772LR,B12,0,none,1.00E+10
A0WIK,EK0835_2016-12-28_D_22,EK0835,D,B12,28/12/2016 03:00,28/12/2016 22:10,0,0,,FL-EK-0835-20161229-DXB-BAH-0,BAH,28/12/2016 22:10,A0WIK,0,0,0,B7772LR,B12,0,none,1.00E+10
A0WIR,EK0975_2016-12-28_D_22,EK0975,D,B09,28/12/2016 03:00,28/12/2016 22:25,0,0,,FL-EK-0975-20161229-DXB-IKA-0,IKA,28/12/2016 22:25,A0WIR,0,0,0,B7772LR,B09,0,none,1.00E+10
A0WIR,EK0508_2016-12-28_D_12,EK0508,D,A09,28/12/2016 03:00,28/12/2016 12:00,0,0,AC-EK-A0WIR,FL-EK-0508-20161228-DXB-BOM-0,BOM,28/12/2016 12:00,A0WGS,0,0,0,B7772LR,A09,0,none,1.00E+10
A0WIU,EK0538_2016-12-28_D_19,EK0538,D,B14,28/12/2016 03:00,28/12/2016 19:00,0,0,,FL-EK-0538-20161228-DXB-AMD-0,AMD,28/12/2016 19:00,A0WIU,0,0,0,B7772LR,B14,0,none,1.00E+10
A0WIW,EK0533_2016-12-28_A_03,EK0533,A,B14,28/12/2016 03:00,28/12/2016 03:05,0,0,AC-EK-A0WIW,FL-EK-0533-20161228-COK-DXB-0,DXB,28/12/2016 03:05,A0WDC,1,0,0,B7772LR,B14,0,A03,267.4032022
A0WIW,EK0862_2016-12-29_D_04,EK0862,D,B11,28/12/2016 03:00,29/12/2016 04:30,0,0,,FL-EK-0862-20161229-DXB-MCT-0,MCT,29/12/2016 04:30,A0WIW,0,0,0,B7772LR,B11,0,none,1.00E+10
A0WIW,EK0967_2016-12-28_D_03,EK0967,D,B12,28/12/2016 03:00,28/12/2016 03:20,0,180,,FL-EK-0967-20161228-DXB-MHD-0,MHD,28/12/2016 06:20,A0WIW,0,0,0,B7772LR,B12,0,none,1.00E+10
A0WIW,EK0840_2016-12-28_A_16,EK0840,A,F17,28/12/2016 03:00,28/12/2016 16:00,0,0,AC-EK-A0WIW,FL-EK-0840-20161228-BAH-DXB-0,DXB,28/12/2016 16:00,A0WIR,0,0,0,B7772LR,F17,0,none,1.00E+10
A0WIW,EK0968_2016-12-28_A_09,EK0968,A,B11,28/12/2016 03:00,28/12/2016 09:35,0,170,,FL-EK-0968-20161228-MHD-DXB-0,DXB,28/12/2016 12:25,A0WIW,0,0,0,B7772LR,B11,0,none,1.00E+10
A0WIW,EK0839_2016-12-28_D_12,EK0839,D,B12,28/12/2016 03:00,28/12/2016 12:20,0,0,AC-EK-A0WIW,FL-EK-0839-20161228-DXB-BAH-0,BAH,28/12/2016 12:20,A0WIR,0,0,0,B7772LR,B12,0,none,1.00E+10
A0WIW,EK0532_2016-12-28_D_17,EK0532,D,F17,28/12/2016 03:00,28/12/2016 17:45,0,0,AC-EK-A0WIW,FL-EK-0532-20161228-DXB-COK-0,COK,28/12/2016 17:45,A0WIJ,0,0,0,B7772LR,F17,0,none,1.00E+10
A0WLC,EK0858_2016-12-28_A_16,EK0858,A,F12,28/12/2016 03:00,28/12/2016 16:30,0,0,,FL-EK-0858-20161228-KWI-DXB-0,DXB,28/12/2016 16:30,A0WLC,0,0,0,A380,F12,0,none,1.00E+10
A0WLC,EK0414_2016-12-28_D_21,EK0414,D,F22,28/12/2016 03:00,28/12/2016 21:55,0,0,,FL-EK-0414-20161229-DXB-SYD-0,SYD,28/12/2016 21:55,A0WLC,0,0,0,A380,F22,0,none,1.00E+10
A0WLC,EK0857_2016-12-28_D_10,EK0857,D,F03,28/12/2016 03:00,28/12/2016 10:50,0,0,,FL-EK-0857-20161228-DXB-KWI-0,KWI,28/12/2016 10:50,A0WLC,0,0,0,A380,F03,0,none,1.00E+10
A0WLD,EK0216_2016-12-28_A_15,EK0216,A,F19,28/12/2016 03:00,28/12/2016 15:30,0,0,,FL-EK-0216-20161227-LAX-DXB-0,DXB,28/12/2016 15:30,A0WLD,0,0,0,A380,F19,0,none,1.00E+10
A0WLE,EK0418_2016-12-30_D_04,EK0418,D,E43,28/12/2016 03:00,30/12/2016 04:55,0,0,,FL-EK-0418-20161230-DXB-BKK-0,BKK,30/12/2016 04:55,A0WLE,0,0,0,A380,E43,0,none,1.00E+10
A0WLE,EK0412_2016-12-28_D_06,EK0412,D,A05,28/12/2016 03:00,28/12/2016 06:15,0,0,,FL-EK-0412-20161228-DXB-SYD-0,SYD,28/12/2016 06:15,A0WLE,0,0,0,A380,A05,0,none,1.00E+10
A0WLF,EK0424_2016-12-28_D_06,EK0424,D,F26R,28/12/2016 03:00,28/12/2016 06:45,0,89,,FL-EK-0424-20161228-DXB-PER-0,PER,28/12/2016 08:14,A0WLF,0,0,0,A380,F26R,0,none,1.00E+10
A0WLG,EK0073_2016-12-28_D_03,EK0073,D,A08,28/12/2016 03:00,28/12/2016 03:50,0,15,,FL-EK-0073-20161228-DXB-CDG-0,CDG,28/12/2016 04:05,A0WLG,0,0,0,A380,A08,0,none,1.00E+10
A0WLH,EK0202_2016-12-28_A_16,EK0202,A,F20,28/12/2016 03:00,28/12/2016 16:15,0,0,,FL-EK-0202-20161227-JFK-DXB-0,DXB,28/12/2016 16:15,A0WLH,0,0,0,A380,F20,0,none,1.00E+10
A0WLH,EK0306_2016-12-28_D_23,EK0306,D,F12,28/12/2016 03:00,28/12/2016 23:30,0,0,,FL-EK-0306-20161229-DXB-PEK-0,PEK,28/12/2016 23:30,A0WLH,0,0,0,A380,F12,0,none,1.00E+10
A0WLI,EK0420_2016-12-28_D_23,EK0420,D,A09,28/12/2016 03:00,28/12/2016 23:00,0,0,,FL-EK-0420-20161229-DXB-PER-0,PER,28/12/2016 23:00,A0WLI,0,0,0,A380,A09,0,none,1.00E+10
A0WLL,EK0009_2016-12-28_D_10,EK0009,D,F26R,28/12/2016 03:00,28/12/2016 10:35,0,0,,FL-EK-0009-20161228-DXB-LGW-0,LGW,28/12/2016 10:35,A0WLL,0,0,0,A380,F26R,0,none,1.00E+10
A0WLP,EK0008_2016-12-28_A_16,EK0008,A,F26R,28/12/2016 03:00,28/12/2016 16:00,0,0,,FL-EK-0008-20161228-LHR-DXB-0,DXB,28/12/2016 16:00,A0WLP,0,0,0,A380,F26R,0,none,1.00E+10
A0WLQ,EK0003_2016-12-28_D_10,EK0003,D,F21,28/12/2016 03:00,28/12/2016 10:30,0,0,,FL-EK-0003-20161228-DXB-LHR-0,LHR,28/12/2016 10:30,A0WLQ,0,0,0,A380,F21,0,none,1.00E+10
A0WLQ,EK0004_2016-12-28_A_03,EK0004,A,F21,28/12/2016 03:00,28/12/2016 03:05,0,0,,FL-EK-0004-20161227-LHR-DXB-0,DXB,28/12/2016 03:05,A0WLQ,0,0,0,A380,F21,0,none,1.00E+10
A0WLR,EK0051_2016-12-28_D_12,EK0051,D,A08,28/12/2016 03:00,28/12/2016 12:00,0,0,,FL-EK-0051-20161228-DXB-MUC-0,MUC,28/12/2016 12:00,A0WLR,0,0,0,A380,A08,0,none,1.00E+10
A0WLT,EK0139_2016-12-28_D_04,EK0139,D,A06,28/12/2016 03:00,28/12/2016 04:55,0,89,,FL-EK-0139-20161228-DXB-PRG-0,PRG,28/12/2016 06:24,A0WLT,1,0,0,A380,A06,0,C25,267.4032022
A0WLU,EK0049_2016-12-29_D_04,EK0049,D,S05,28/12/2016 03:00,29/12/2016 04:40,0,0,,FL-EK-0049-20161229-DXB-MUC-0,MUC,29/12/2016 04:40,A0WLU,0,0,0,A380,S05,0,none,1.00E+10
A0WLV,EK0031_2016-12-28_D_08,EK0031,D,A10,28/12/2016 03:00,28/12/2016 08:10,0,0,,FL-EK-0031-20161228-DXB-LHR-0,LHR,28/12/2016 08:10,A0WLV,1,0,0,A380,A10,0,A07,267.4032022
A0WLV,EK0057_2016-12-29_D_10,EK0057,D,HGR,28/12/2016 03:00,29/12/2016 10:40,0,0,,FL-EK-0057-20161229-DXB-DUS-0,DUS,29/12/2016 10:40,A0WLV,0,0,0,A380,HGR,0,none,1.00E+10
A0WLW,EK0150_2016-12-28_A_03,EK0150,A,F13,28/12/2016 03:00,28/12/2016 03:35,0,0,,FL-EK-0150-20161227-AMS-DXB-0,DXB,28/12/2016 03:35,A0WLW,0,0,0,A380,F13,0,none,1.00E+10
A0WLW,EK0372_2016-12-28_D_05,EK0372,D,F13,28/12/2016 03:00,28/12/2016 05:35,0,35,,FL-EK-0372-20161228-DXB-BKK-0,BKK,28/12/2016 06:10,A0WLW,0,0,0,A380,F13,0,none,1.00E+10
A0WLX,EK0149_2016-12-28_D_11,EK0149,D,B27,28/12/2016 03:00,28/12/2016 11:15,0,0,,FL-EK-0149-20161228-DXB-AMS-0,AMS,28/12/2016 11:15,A0WLX,0,0,0,A380,B27,0,none,1.00E+10
A0WLX,EK0375_2016-12-28_A_09,EK0375,A,B27,28/12/2016 03:00,28/12/2016 09:15,0,0,,FL-EK-0375-20161228-BKK-DXB-0,DXB,28/12/2016 09:15,A0WLX,0,0,0,A380,B27,0,none,1.00E+10
A0WLZ,EK0054_2016-12-28_A_15,EK0054,A,D02,28/12/2016 03:00,28/12/2016 15:10,0,0,,FL-EK-0054-20161228-MUC-DXB-0,DXB,28/12/2016 15:10,A0WLZ,0,0,0,A380,D02,0,none,1.00E+10
A0WLZ,EK0095_2016-12-29_D_11,EK0095,D,HGR,28/12/2016 03:00,29/12/2016 11:05,0,0,,FL-EK-0095-20161229-DXB-FCO-0,FCO,29/12/2016 11:05,A0WLZ,0,0,0,A380,HGR,0,none,1.00E+10
A0WMB,EK0175_2016-12-28_D_05,EK0175,D,G20,28/12/2016 03:00,28/12/2016 05:15,0,59,,FL-EK-0175-20161228-DXB-LED-0,LED,28/12/2016 06:14,A0WMB,0,0,0,B7773ER,G20,0,none,1.00E+10
A0WMC,EK0652_2016-12-28_D_05,EK0652,D,B19,28/12/2016 03:00,28/12/2016 05:40,0,35,,FL-EK-0652-20161228-DXB-MLE-0,MLE,28/12/2016 06:15,A0WMC,1,0,0,B7773ER,B19,0,B01,267.4032022
A0WMD,EK0179_2016-12-28_D_04,EK0179,D,A02,28/12/2016 03:00,28/12/2016 04:05,0,180,,FL-EK-0179-20161228-DXB-WAW-0,WAW,28/12/2016 07:05,A0WMD,1,0,0,B7773ER,A02,0,B01,267.4032022
A0WMD,EK0180_2016-12-28_A_18,EK0180,A,B17,28/12/2016 03:00,28/12/2016 18:05,0,130,,FL-EK-0180-20161228-WAW-DXB-0,DXB,28/12/2016 20:15,A0WMD,0,0,0,B7773ER,B17,0,none,1.00E+10
A0WME,EK0077_2016-12-28_D_04,EK0077,D,B25,28/12/2016 03:00,28/12/2016 04:20,0,59,,FL-EK-0077-20161228-DXB-NCE-0,NCE,28/12/2016 05:19,A0WME,1,0,0,B7773ER,B25,0,D06,268.4337259
A0WMF,EK0795_2016-12-28_D_03,EK0795,D,F23,28/12/2016 03:00,28/12/2016 03:15,0,0,,FL-EK-0795-20161228-DXB-CKY-0,CKY,28/12/2016 03:15,A0WMF,0,0,0,B7773ER,F23,0,none,1.00E+10
A0WMG,EK0843_2016-12-28_D_11,EK0843,D,F06,28/12/2016 03:00,28/12/2016 11:10,0,0,,FL-EK-0843-20161228-DXB-DOH-0,DOH,28/12/2016 11:10,A0WMG,0,0,0,B7773ER,F06,0,none,1.00E+10
A0WMG,EK0844_2016-12-28_A_14,EK0844,A,F11,28/12/2016 03:00,28/12/2016 14:55,0,0,,FL-EK-0844-20161228-DOH-DXB-0,DXB,28/12/2016 14:55,A0WMG,0,0,0,B7773ER,F11,0,none,1.00E+10
A0WMG,EK0220_2016-12-28_A_08,EK0220,A,F06,28/12/2016 03:00,28/12/2016 08:20,0,0,,FL-EK-0220-20161227-MCO-DXB-0,DXB,28/12/2016 08:20,A0WMG,0,0,0,B7773ER,F06,0,none,1.00E+10
A0WMG,EK0903_2016-12-29_D_10,EK0903,D,,28/12/2016 03:00,29/12/2016 10:05,0,0,,FL-EK-0903-20161229-DXB-AMM-0,AMM,29/12/2016 10:05,A0WMG,0,0,0,B7773ER,,0,none,1.00E+10
A0WMH,EK0111_2016-12-28_D_04,EK0111,D,G21,28/12/2016 03:00,28/12/2016 04:25,0,119,,FL-EK-0111-20161228-DXB-BUD-0,BUD,28/12/2016 06:24,A0WMH,0,0,0,B7773ER,G21,0,none,1.00E+10
A0WMI,EK0763_2016-12-28_D_06,EK0763,D,B23,28/12/2016 03:00,28/12/2016 06:05,0,59,,FL-EK-0763-20161228-DXB-JNB-0,JNB,28/12/2016 07:04,A0WMI,0,0,0,B7773ER,B23,0,none,1.00E+10
A0WMK,EK0571_2016-12-28_A_10,EK0571,A,D07,28/12/2016 03:00,28/12/2016 10:30,0,0,,FL-EK-0571-20161228-CCU-DXB-0,DXB,28/12/2016 10:30,A0WMK,0,0,0,B7773ER,D07,0,none,1.00E+10
A0WML,EK0730_2016-12-28_A_17,EK0730,A,F11,28/12/2016 03:00,28/12/2016 17:35,0,30,,FL-EK-0730-20161228-EBB-DXB-0,DXB,28/12/2016 18:05,A0WML,0,0,0,B7773ER,F11,0,none,1.00E+10
A0WML,EK0729_2016-12-28_D_05,EK0729,D,C41,28/12/2016 03:00,28/12/2016 05:25,0,35,,FL-EK-0729-20161228-DXB-EBB-0,EBB,28/12/2016 06:00,A0WML,0,0,0,B7773ER,C41,0,none,1.00E+10
A0WMM,EK0719_2016-12-30_D_06,EK0719,D,HGR,28/12/2016 03:00,30/12/2016 06:35,0,0,,FL-EK-0719-20161230-DXB-NBO-0,NBO,30/12/2016 06:35,A0WMM,0,0,0,B7773ER,HGR,0,none,1.00E+10
A0WMM,EK0159_2016-12-28_D_03,EK0159,D,E25,28/12/2016 03:00,28/12/2016 03:45,0,15,,FL-EK-0159-20161228-DXB-OSL-0,OSL,28/12/2016 04:00,A0WMM,0,0,0,B7773ER,E25,0,none,1.00E+10
A0WMN,EK0976_2016-12-28_A_04,EK0976,A,G11,28/12/2016 03:00,28/12/2016 04:20,0,0,,FL-EK-0976-20161228-IKA-DXB-0,DXB,28/12/2016 04:20,A0WMN,0,0,0,B7773ER,G11,0,none,1.00E+10
A0WMN,EK0719_2016-12-28_D_06,EK0719,D,G11,28/12/2016 03:00,28/12/2016 06:35,0,35,,FL-EK-0719-20161228-DXB-NBO-0,NBO,28/12/2016 07:10,A0WMN,0,0,0,B7773ER,G11,0,none,1.00E+10
A0WMN,EK0720_2016-12-28_A_18,EK0720,A,G02,28/12/2016 03:00,28/12/2016 18:35,0,0,,FL-EK-0720-20161228-NBO-DXB-0,DXB,28/12/2016 18:35,A0WMN,0,0,0,B7773ER,G02,0,none,1.00E+10
A0WMO,EK0845_2016-12-28_D_18,EK0845,D,B22,28/12/2016 03:00,28/12/2016 18:10,0,0,,FL-EK-0845-20161228-DXB-DOH-0,DOH,28/12/2016 18:10,A0WMO,0,0,0,B7773ER,B22,0,none,1.00E+10
A0WMP,EK0942_2016-12-28_A_10,EK0942,A,F25,28/12/2016 03:00,28/12/2016 10:45,0,145,,FL-EK-0942-20161228-BGW-DXB-0,DXB,28/12/2016 13:10,A0WMP,0,0,0,B7773ER,F25,0,none,1.00E+10
A0WMP,EK0859_2016-12-28_D_16,EK0859,D,F25,28/12/2016 03:00,28/12/2016 16:50,0,0,,FL-EK-0859-20161228-DXB-KWI-0,KWI,28/12/2016 16:50,A0WMP,0,0,0,B7773ER,F25,0,none,1.00E+10
A0WMP,EK0941_2016-12-28_D_04,EK0941,D,C33,28/12/2016 03:00,28/12/2016 04:00,0,180,,FL-EK-0941-20161228-DXB-BGW-0,BGW,28/12/2016 07:00,A0WMP,0,0,0,B7773ER,C33,0,none,1.00E+10
A0WMQ,EK0262_2016-12-28_A_17,EK0262,A,F07,28/12/2016 03:00,28/12/2016 17:15,0,0,,FL-EK-0262-20161228-GRU-DXB-0,DXB,28/12/2016 17:15,A0WMQ,0,0,0,B7773ER,F07,0,none,1.00E+10
A0WMS,EK0787_2016-12-28_D_03,EK0787,D,B21L,28/12/2016 03:00,28/12/2016 03:35,0,0,,FL-EK-0787-20161228-DXB-ACC-0,ACC,28/12/2016 03:35,A0WMS,1,0,0,B7773ER,B21L,0,A03,267.4032022
A0WMT,EK0135_2016-12-28_D_05,EK0135,D,A09,28/12/2016 03:00,28/12/2016 05:40,0,35,,FL-EK-0135-20161228-DXB-VCE-0,VCE,28/12/2016 06:15,A0WMT,1,0,0,B7773ER,A09,0,B01,267.4032022
A0WMT,EK0144_2016-12-28_A_03,EK0144,A,F17,28/12/2016 03:00,28/12/2016 03:40,0,0,,FL-EK-0144-20161227-MAD-DXB-0,DXB,28/12/2016 03:40,A0WMT,1,0,0,B7773ER,F17,0,A03,267.4032022
A0WMV,EK0516_2016-12-28_D_06,EK0516,D,F11,28/12/2016 03:00,28/12/2016 06:00,0,0,,FL-EK-0516-20161228-DXB-DEL-0,DEL,28/12/2016 06:00,A0WMV,0,0,0,B7773ER,F11,0,none,1.00E+10
A0WMV,EK0517_2016-12-28_A_14,EK0517,A,F23,28/12/2016 03:00,28/12/2016 14:35,0,0,,FL-EK-0517-20161228-DEL-DXB-0,DXB,28/12/2016 14:35,A0WMV,0,0,0,B7773ER,F23,0,none,1.00E+10
A0WMX,EK0514_2016-12-28_D_11,EK0514,D,B24,28/12/2016 03:00,28/12/2016 11:10,0,0,,FL-EK-0514-20161228-DXB-DEL-0,DEL,28/12/2016 11:10,A0WMX,0,0,0,B7773ER,B24,0,none,1.00E+10
A0WMX,EK0706_2016-12-28_A_09,EK0706,A,B24,28/12/2016 03:00,28/12/2016 09:10,0,0,,FL-EK-0706-20161228-SEZ-DXB-0,DXB,28/12/2016 09:10,A0WMX,0,0,0,B7773ER,B24,0,none,1.00E+10
A0WMY,EK0957_2016-12-28_D_03,EK0957,D,F24,28/12/2016 03:00,28/12/2016 03:30,0,180,,FL-EK-0957-20161228-DXB-BEY-0,BEY,28/12/2016 06:30,A0WMY,0,0,0,B7773ER,F24,0,none,1.00E+10
A0WMY,EK0767_2016-12-28_D_19,EK0767,D,F11,28/12/2016 03:00,28/12/2016 19:25,0,0,,FL-EK-0767-20161228-DXB-JNB-0,JNB,28/12/2016 19:25,A0WMY,0,0,0,B7773ER,F11,0,none,1.00E+10
A0WMY,EK0958_2016-12-28_A_13,EK0958,A,G18,28/12/2016 03:00,28/12/2016 13:50,0,165,,FL-EK-0958-20161228-BEY-DXB-0,DXB,28/12/2016 16:35,A0WMY,0,0,0,B7773ER,G18,0,none,1.00E+10
A0WMZ,EK0507_2016-12-28_A_13,EK0507,A,G19,28/12/2016 03:00,28/12/2016 13:20,0,84,,FL-EK-0507-20161228-BOM-DXB-0,DXB,28/12/2016 14:44,A0WMZ,0,0,0,B7773ER,G19,0,none,1.00E+10
A0WMZ,EK0504_2016-12-28_D_23,EK0504,D,G19,28/12/2016 03:00,28/12/2016 23:55,0,0,,FL-EK-0504-20161229-DXB-BOM-0,BOM,28/12/2016 23:55,A0WMZ,0,0,0,B7773ER,G19,0,none,1.00E+10
A0WMZ,EK0506_2016-12-28_D_05,EK0506,D,F25,28/12/2016 03:00,28/12/2016 05:35,0,89,,FL-EK-0506-20161228-DXB-BOM-0,BOM,28/12/2016 07:04,A0WMZ,1,0,0,B7773ER,F25,0,B01,267.4032022
A0WMZ,EK0523_2016-12-28_A_03,EK0523,A,B24,28/12/2016 03:00,28/12/2016 03:15,0,0,,FL-EK-0523-20161228-TRV-DXB-0,DXB,28/12/2016 03:15,A0WMZ,0,0,0,B7773ER,B24,0,none,1.00E+10
A0WNJ,EK0703_2016-12-30_D_06,EK0703,D,E20,28/12/2016 03:00,30/12/2016 06:15,0,0,,FL-EK-0703-20161230-DXB-MRU-0,MRU,30/12/2016 06:15,A0WNJ,0,0,0,A380,E20,0,none,1.00E+10
A0WNJ,EK0012_2016-12-28_A_16,EK0012,A,F22,28/12/2016 03:00,28/12/2016 16:35,0,0,,FL-EK-0012-20161228-LGW-DXB-0,DXB,28/12/2016 16:35,A0WNJ,0,0,0,A380,F22,0,none,1.00E+10
A0WNM,EK0241_2016-12-28_D_05,EK0241,D,A05,28/12/2016 03:00,28/12/2016 05:55,0,149,,FL-EK-0241-20161228-DXB-YYZ-0,YYZ,28/12/2016 08:24,A0WNM,1,0,0,A380,A05,0,A07,267.4032022
A0WNO,EK0097_2016-12-28_D_05,EK0097,D,A10,28/12/2016 03:00,28/12/2016 05:00,0,0,,FL-EK-0097-20161228-DXB-FCO-0,FCO,28/12/2016 05:00,A0WNO,0,0,0,A380,A10,0,none,1.00E+10
A0WNR,EK0404_2016-12-28_D_05,EK0404,D,A03,28/12/2016 03:00,28/12/2016 05:35,0,89,,FL-EK-0404-20161228-DXB-SIN-0,SIN,28/12/2016 07:04,A0WNR,0,0,0,A380,A03,0,none,1.00E+10
A0WNU,EK0415_2016-12-28_A_09,EK0415,A,F20,28/12/2016 03:00,28/12/2016 09:20,0,0,,FL-EK-0415-20161228-SYD-DXB-0,DXB,28/12/2016 09:20,A0WNU,0,0,0,A380,F20,0,none,1.00E+10
A0WNU,EK0131_2016-12-28_D_13,EK0131,D,F20,28/12/2016 03:00,28/12/2016 13:30,0,0,,FL-EK-0131-20161228-DXB-DME-0,DME,28/12/2016 13:30,A0WNU,0,0,0,A380,F20,0,none,1.00E+10
A0WNW,EK0047_2016-12-28_D_10,EK0047,D,B18R,28/12/2016 03:00,28/12/2016 10:35,0,0,AC-EK-A0WNW,FL-EK-0047-20161228-DXB-FRA-0,FRA,28/12/2016 10:35,A0WVW,0,0,0,A380,B18R,0,none,1.00E+10
A0WVA,EK0204_2016-12-28_A_04,EK0204,A,B21R,28/12/2016 03:00,28/12/2016 04:10,0,0,,FL-EK-0204-20161227-JFK-DXB-0,DXB,28/12/2016 04:10,A0WVA,0,0,0,A380,B21R,0,none,1.00E+10
A0WVA,EK0380_2016-12-28_D_06,EK0380,D,B21R,28/12/2016 03:00,28/12/2016 06:05,0,59,,FL-EK-0380-20161228-DXB-HKG-0,HKG,28/12/2016 07:04,A0WVA,0,0,0,A380,B21R,0,none,1.00E+10
A0WVB,EK0055_2016-12-29_D_04,EK0055,D,E45,28/12/2016 03:00,29/12/2016 04:30,0,0,,FL-EK-0055-20161229-DXB-DUS-0,DUS,29/12/2016 04:30,A0WVB,0,0,0,A380,E45,0,none,1.00E+10
A0WVC,EK0045_2016-12-28_D_04,EK0045,D,F26R,28/12/2016 03:00,28/12/2016 04:40,0,89,,FL-EK-0045-20161228-DXB-FRA-0,FRA,28/12/2016 06:09,A0WVC,1,0,0,A380,F26R,0,C25,267.4032022
A0WVD,EK0500_2016-12-29_D_17,EK0500,D,HGR,28/12/2016 03:00,29/12/2016 17:50,0,0,,FL-EK-0500-20161229-DXB-BOM-0,BOM,29/12/2016 17:50,A0WVD,0,0,0,A380,HGR,0,none,1.00E+10
A0WVE,EK0147_2016-12-28_D_04,EK0147,D,F20,28/12/2016 03:00,28/12/2016 04:10,0,0,,FL-EK-0147-20161228-DXB-AMS-0,AMS,28/12/2016 04:10,A0WVE,1,0,0,A380,F20,0,A03,267.4032022
A0WVF,EK0131_2016-12-29_D_13,EK0131,D,HGR,28/12/2016 03:00,29/12/2016 13:30,0,0,,FL-EK-0131-20161229-DXB-DME-0,DME,29/12/2016 13:30,A0WVF,0,0,0,A380,HGR,0,none,1.00E+10
A0WVF,EK0347_2016-12-28_A_18,EK0347,A,A02,28/12/2016 03:00,28/12/2016 18:30,0,0,,FL-EK-0347-20161228-KUL-DXB-0,DXB,28/12/2016 18:30,A0WVF,0,0,0,A380,A02,0,none,1.00E+10
A0WVH,EK0226_2016-12-28_A_15,EK0226,A,B26R,28/12/2016 03:00,28/12/2016 15:25,0,0,,FL-EK-0226-20161227-SFO-DXB-0,DXB,28/12/2016 15:25,A0WVH,0,0,0,A380,B26R,0,none,1.00E+10
A0WVI,EK0377_2016-12-28_A_15,EK0377,A,A04,28/12/2016 03:00,28/12/2016 15:55,0,0,,FL-EK-0377-20161228-BKK-DXB-0,DXB,28/12/2016 15:55,A0WVI,0,0,0,A380,A04,0,none,1.00E+10
A0WVK,EK0418_2016-12-28_D_04,EK0418,D,F12,28/12/2016 03:00,28/12/2016 04:55,0,0,,FL-EK-0418-20161228-DXB-BKK-0,BKK,28/12/2016 04:55,A0WVK,0,0,0,A380,F12,0,none,1.00E+10
A0WVL,EK0425_2016-12-28_A_08,EK0425,A,F18,28/12/2016 03:00,28/12/2016 08:40,0,0,,FL-EK-0425-20161228-PER-DXB-0,DXB,28/12/2016 08:40,A0WVL,0,0,0,A380,F18,0,none,1.00E+10
A0WVN,EK0039_2016-12-28_D_03,EK0039,D,C27,28/12/2016 03:00,28/12/2016 03:25,0,35,,FL-EK-0039-20161228-DXB-BHX-0,BHX,28/12/2016 04:00,A0WVN,0,0,0,A380,C27,0,none,1.00E+10
A0WVP,EK0019_2016-12-28_D_10,EK0019,D,A07,28/12/2016 03:00,28/12/2016 10:40,0,0,,FL-EK-0019-20161228-DXB-MAN-0,MAN,28/12/2016 10:40,A0WVP,0,0,0,A380,A07,0,none,1.00E+10
A0WVP,EK0020_2016-12-28_A_03,EK0020,A,A01,28/12/2016 03:00,28/12/2016 03:45,0,0,,FL-EK-0020-20161227-MAN-DXB-0,DXB,28/12/2016 03:45,A0WVP,1,0,0,A380,A01,0,A03,267.4032022
A0WVQ,EK0842_2016-12-28_A_08,EK0842,A,B21R,28/12/2016 03:00,28/12/2016 08:00,0,139,,FL-EK-0842-20161228-DOH-DXB-0,DXB,28/12/2016 10:19,A0WVQ,1,0,0,A380,B21R,0,B26R,362.1981624
A0WVQ,EK0841_2016-12-28_D_03,EK0841,D,A07,28/12/2016 03:00,28/12/2016 03:45,0,149,,FL-EK-0841-20161228-DXB-DOH-0,DOH,28/12/2016 06:14,A0WVQ,1,0,0,A380,A07,0,C25,267.4032022
A0WVQ,EK0095_2016-12-28_D_11,EK0095,D,D01,28/12/2016 03:00,28/12/2016 11:05,0,0,,FL-EK-0095-20161228-DXB-FCO-0,FCO,28/12/2016 11:05,A0WVQ,0,0,0,A380,D01,0,none,1.00E+10
A0WVR,EK0127_2016-12-28_D_05,EK0127,D,F03,28/12/2016 03:00,28/12/2016 05:00,0,89,,FL-EK-0127-20161228-DXB-VIE-0,VIE,28/12/2016 06:29,A0WVR,0,0,0,A380,F03,0,none,1.00E+10
A0WVS,EK0055_2016-12-28_D_04,EK0055,D,D02,28/12/2016 03:00,28/12/2016 04:30,0,35,,FL-EK-0055-20161228-DXB-DUS-0,DUS,28/12/2016 05:05,A0WVS,0,0,0,A380,D02,0,none,1.00E+10
A0WVT,EK0010_2016-12-28_A_03,EK0010,A,F22,28/12/2016 03:00,28/12/2016 03:20,0,0,,FL-EK-0010-20161227-LGW-DXB-0,DXB,28/12/2016 03:20,A0WVT,1,0,0,A380,F22,0,A03,267.4032022
A0WVT,EK0703_2016-12-28_D_06,EK0703,D,A06,28/12/2016 03:00,28/12/2016 06:15,0,119,,FL-EK-0703-20161228-DXB-MRU-0,MRU,28/12/2016 08:14,A0WVT,1,0,0,A380,A06,0,A07,267.4032022
A0WVU,EK0087_2016-12-28_D_04,EK0087,D,D01,28/12/2016 03:00,28/12/2016 04:25,0,35,,FL-EK-0087-20161228-DXB-ZRH-0,ZRH,28/12/2016 05:00,A0WVU,0,0,0,A380,D01,0,none,1.00E+10
A0WVV,EK0342_2016-12-28_D_06,EK0342,D,A08,28/12/2016 03:00,28/12/2016 06:15,0,119,,FL-EK-0342-20161228-DXB-KUL-0,KUL,28/12/2016 08:14,A0WVV,0,0,0,A380,A08,0,none,1.00E+10
A0WVW,EK0703_2016-12-29_D_06,EK0703,D,HGRH,28/12/2016 03:00,29/12/2016 06:15,0,0,,FL-EK-0703-20161229-DXB-MRU-0,MRU,29/12/2016 06:15,A0WVW,0,0,0,A380,HGRH,0,none,1.00E+10
A0WVX,EK0039_2016-12-29_D_03,EK0039,D,C26,28/12/2016 03:00,29/12/2016 03:25,0,0,,FL-EK-0039-20161229-DXB-BHX-0,BHX,29/12/2016 03:25,A0WVX,0,0,0,A380,C26,0,none,1.00E+10
A0WVX,EK0151_2016-12-28_D_04,EK0151,D,A02,28/12/2016 03:00,28/12/2016 04:20,0,59,,FL-EK-0151-20161228-DXB-CPH-0,CPH,28/12/2016 05:19,A0WVX,0,0,0,A380,A02,0,none,1.00E+10
A0WVY,EK0448_2016-12-28_D_06,EK0448,D,D10,28/12/2016 03:00,28/12/2016 06:05,0,119,,FL-EK-0448-20161228-DXB-AKL-0,AKL,28/12/2016 08:04,A0WVY,0,0,0,A380,D10,0,none,1.00E+10
A0WWA,EK0352_2016-12-28_D_17,EK0352,D,B19,28/12/2016 03:00,28/12/2016 17:30,0,0,,FL-EK-0352-20161228-DXB-SIN-0,SIN,28/12/2016 17:30,A0WWA,0,0,0,B7773ER,B19,0,none,1.00E+10
A0WWA,EK0044_2016-12-28_A_15,EK0044,A,B19,28/12/2016 03:00,28/12/2016 15:00,0,0,,FL-EK-0044-20161228-FRA-DXB-0,DXB,28/12/2016 15:00,A0WWA,0,0,0,B7773ER,B19,0,none,1.00E+10
A0WWB,EK2809_2016-12-28_D_10,EK2809,D,A03,28/12/2016 03:00,28/12/2016 10:15,0,0,,FL-EK-2809-20161228-DXB-MED-0,MED,28/12/2016 10:15,A0WWB,1,0,0,B7773ER,A03,0,B01,267.4032022
A0WWB,EK2810_2016-12-28_A_17,EK2810,A,C29,28/12/2016 03:00,28/12/2016 17:20,0,0,,FL-EK-2810-20161228-MED-DXB-0,DXB,28/12/2016 17:20,A0WWB,0,0,0,B7773ER,C29,0,none,1.00E+10
A0WWC,EK0568_2016-12-28_D_17,EK0568,D,F27,28/12/2016 03:00,28/12/2016 17:50,0,0,,FL-EK-0568-20161228-DXB-BLR-0,BLR,28/12/2016 17:50,A0WWC,0,0,0,B7773ER,F27,0,none,1.00E+10
A0WWC,EK0902_2016-12-28_A_12,EK0902,A,F27,28/12/2016 03:00,28/12/2016 12:05,0,170,,FL-EK-0902-20161228-AMM-DXB-0,DXB,28/12/2016 14:55,A0WWC,0,0,0,B7773ER,F27,0,none,1.00E+10
A0WWC,EK0901_2016-12-28_D_04,EK0901,D,G17,28/12/2016 03:00,28/12/2016 04:00,0,180,,FL-EK-0901-20161228-DXB-AMM-0,AMM,28/12/2016 07:00,A0WWC,0,0,0,B7773ER,G17,0,none,1.00E+10
A0WWD,EK0350_2016-12-28_D_16,EK0350,D,D09,28/12/2016 03:00,28/12/2016 16:15,0,0,,FL-EK-0350-20161228-DXB-BKK-0,BKK,28/12/2016 16:15,A0WWD,0,0,0,B7773ER,D09,0,none,1.00E+10
A0WWD,EK0353_2016-12-28_A_09,EK0353,A,F07,28/12/2016 03:00,28/12/2016 09:45,0,0,,FL-EK-0353-20161228-SIN-DXB-0,DXB,28/12/2016 09:45,A0WWD,0,0,0,B7773ER,F07,0,none,1.00E+10
A0WWF,EK0546_2016-12-28_D_10,EK0546,D,D08,28/12/2016 03:00,28/12/2016 10:45,0,0,,FL-EK-0546-20161228-DXB-MAA-0,MAA,28/12/2016 10:45,A0WWF,0,0,0,B7773ER,D08,0,none,1.00E+10
A0WWF,EK0527_2016-12-28_A_08,EK0527,A,D08,28/12/2016 03:00,28/12/2016 08:40,0,0,,FL-EK-0527-20161228-HYD-DXB-0,DXB,28/12/2016 08:40,A0WWF,0,0,0,B7773ER,D08,0,none,1.00E+10
A0WWG,EK0511_2016-12-28_A_09,EK0511,A,F17,28/12/2016 03:00,28/12/2016 09:00,0,0,,FL-EK-0511-20161228-DEL-DXB-0,DXB,28/12/2016 09:00,A0WWG,1,0,0,B7773ER,F17,0,A10,267.4032022
A0WWG,EK0721_2016-12-28_D_12,EK0721,D,D03,28/12/2016 03:00,28/12/2016 12:10,0,0,,FL-EK-0721-20161228-DXB-NBO-0,NBO,28/12/2016 12:10,A0WWG,0,0,0,B7773ER,D03,0,none,1.00E+10
A0WWH,EK0025_2016-12-28_D_10,EK0025,D,A04,28/12/2016 03:00,28/12/2016 10:45,0,0,,FL-EK-0025-20161228-DXB-GLA-0,GLA,28/12/2016 10:45,A0WWH,1,0,0,B7773ER,A04,0,B01,267.4032022
A0WWI,EK0903_2016-12-28_D_10,EK0903,D,D02,28/12/2016 03:00,28/12/2016 10:05,0,0,,FL-EK-0903-20161228-DXB-AMM-0,AMM,28/12/2016 10:05,A0WWI,0,0,0,B7773ER,D02,0,none,1.00E+10
A0WWI,EK0502_2016-12-29_D_09,EK0502,D,HGR,28/12/2016 03:00,29/12/2016 09:10,0,0,,FL-EK-0502-20161229-DXB-BOM-0,BOM,29/12/2016 09:10,A0WWI,0,0,0,B7773ER,HGR,0,none,1.00E+10
A0WWI,EK0505_2016-12-28_A_08,EK0505,A,D02,28/12/2016 03:00,28/12/2016 08:10,0,0,,FL-EK-0505-20161228-BOM-DXB-0,DXB,28/12/2016 08:10,A0WWI,0,0,0,B7773ER,D02,0,none,1.00E+10
A0WWI,EK0904_2016-12-28_A_17,EK0904,A,F04,28/12/2016 03:00,28/12/2016 17:45,0,0,,FL-EK-0904-20161228-AMM-DXB-0,DXB,28/12/2016 17:45,A0WWI,0,0,0,B7773ER,F04,0,none,1.00E+10
A0WWJ,EK0613_2016-12-28_A_10,EK0613,A,F05,28/12/2016 03:00,28/12/2016 10:55,0,0,,FL-EK-0613-20161228-ISB-DXB-0,DXB,28/12/2016 10:55,A0WWJ,0,0,0,B7773ER,F05,0,none,1.00E+10
A0WWJ,EK0584_2016-12-28_D_12,EK0584,D,F05,28/12/2016 03:00,28/12/2016 12:45,0,0,,FL-EK-0584-20161228-DXB-DAC-0,DAC,28/12/2016 12:45,A0WWJ,0,0,0,B7773ER,F05,0,none,1.00E+10
A0WWK,EK0081_2016-12-28_D_10,EK0081,D,A06,28/12/2016 03:00,28/12/2016 10:50,0,0,,FL-EK-0081-20161228-DXB-LYS-0,LYS,28/12/2016 10:50,A0WWK,0,0,0,B7773ER,A06,0,none,1.00E+10
A0WWL,EK0637_2016-12-28_A_06,EK0637,A,B24,28/12/2016 03:00,28/12/2016 06:30,0,0,,FL-EK-0637-20161228-PEW-DXB-0,DXB,28/12/2016 06:30,A0WWL,1,0,0,B7773ER,B24,0,B01,267.4032022
A0WWL,EK0378_2016-12-28_D_08,EK0378,D,B22,28/12/2016 03:00,28/12/2016 08:45,0,0,,FL-EK-0378-20161228-DXB-HKT-0,HKT,28/12/2016 08:45,A0WWL,1,0,0,B7773ER,B22,0,A02,267.4032022
A0WWM,EK0522_2016-12-28_D_17,EK0522,D,F23,28/12/2016 03:00,28/12/2016 17:40,0,0,,FL-EK-0522-20161228-DXB-TRV-0,TRV,28/12/2016 17:40,A0WWM,0,0,0,B7773ER,F23,0,none,1.00E+10
A0WWM,EK0768_2016-12-28_A_15,EK0768,A,F09,28/12/2016 03:00,28/12/2016 15:20,0,0,,FL-EK-0768-20161228-JNB-DXB-0,DXB,28/12/2016 15:20,A0WWM,0,0,0,B7773ER,F09,0,none,1.00E+10
A0WWN,EK0797_2016-12-28_A_03,EK0797,A,B26L,28/12/2016 03:00,28/12/2016 03:35,0,0,,FL-EK-0797-20161227-DKR-DXB-0,DXB,28/12/2016 03:35,A0WWN,0,0,0,B7773ER,B26L,0,none,1.00E+10
A0WWN,EK0641_2016-12-28_A_15,EK0641,A,B16,28/12/2016 03:00,28/12/2016 15:05,0,0,,FL-EK-0641-20161228-KBL-DXB-0,DXB,28/12/2016 15:05,A0WWN,0,0,0,B7773ER,B16,0,none,1.00E+10
A0WWN,EK0853_2016-12-28_D_21,EK0853,D,B18L,28/12/2016 03:00,28/12/2016 21:40,0,0,AC-EK-A0WWN,FL-EK-0853-20161229-DXB-KWI-0,KWI,28/12/2016 21:40,A0WCJ,0,0,0,B7773ER,B18L,0,none,1.00E+10
A0WWN,EK0640_2016-12-28_D_05,EK0640,D,B20,28/12/2016 03:00,28/12/2016 05:55,0,89,,FL-EK-0640-20161228-DXB-KBL-0,KBL,28/12/2016 07:24,A0WWN,1,0,0,B7773ER,B20,0,B01,267.4032022
A0WWN,EK0977_2016-12-28_D_16,EK0977,D,B16,28/12/2016 03:00,28/12/2016 16:45,0,0,,FL-EK-0977-20161228-DXB-IKA-0,IKA,28/12/2016 16:45,A0WWN,0,0,0,B7773ER,B16,0,none,1.00E+10
A0WWO,EK0042_2016-12-28_A_15,EK0042,A,B21L,28/12/2016 03:00,28/12/2016 15:10,0,0,,FL-EK-0042-20161228-BHX-DXB-0,DXB,28/12/2016 15:10,A0WWO,0,0,0,B7773ER,B21L,0,none,1.00E+10
A0WWO,EK0524_2016-12-28_D_17,EK0524,D,B21L,28/12/2016 03:00,28/12/2016 17:50,0,0,,FL-EK-0524-20161228-DXB-HYD-0,HYD,28/12/2016 17:50,A0WWO,0,0,0,B7773ER,B21L,0,none,1.00E+10
A0WWP,EK0520_2016-12-28_D_22,EK0520,D,B24,28/12/2016 03:00,28/12/2016 22:55,0,0,,FL-EK-0520-20161229-DXB-TRV-0,TRV,28/12/2016 22:55,A0WWP,0,0,0,B7773ER,B24,0,none,1.00E+10
A0WWP,EK0105_2016-12-28_D_05,EK0105,D,G12,28/12/2016 03:00,28/12/2016 05:50,0,89,,FL-EK-0105-20161228-DXB-ATH-0,ATH,28/12/2016 07:19,A0WWP,0,0,0,B7773ER,G12,0,none,1.00E+10
A0WWP,EK0106_2016-12-28_A_18,EK0106,A,B24,28/12/2016 03:00,28/12/2016 18:05,0,34,,FL-EK-0106-20161228-ATH-DXB-0,DXB,28/12/2016 18:39,A0WWP,0,0,0,B7773ER,B24,0,none,1.00E+10
A0WWQ,EK0121_2016-12-28_D_10,EK0121,D,B25,28/12/2016 03:00,28/12/2016 10:35,0,0,,FL-EK-0121-20161228-DXB-IST-0,IST,28/12/2016 10:35,A0WWQ,0,0,0,B7773ER,B25,0,none,1.00E+10
A0WWQ,EK0351_2016-12-28_A_06,EK0351,A,B25,28/12/2016 03:00,28/12/2016 06:35,0,0,,FL-EK-0351-20161228-BKK-DXB-0,DXB,28/12/2016 06:35,A0WWQ,0,0,0,B7773ER,B25,0,none,1.00E+10
A0WWR,EK0398_2016-12-28_D_04,EK0398,D,F24,28/12/2016 03:00,28/12/2016 04:55,0,15,,FL-EK-0398-20161228-DXB-DPS-0,DPS,28/12/2016 05:10,A0WWR,0,0,0,B7773ER,F24,0,none,1.00E+10
A0WWS,EK0751_2016-12-28_D_03,EK0751,D,A08,28/12/2016 03:00,28/12/2016 03:35,0,149,,FL-EK-0751-20161228-DXB-CMN-0,CMN,28/12/2016 06:04,A0WWS,1,0,0,B7773ER,A08,0,B01,1.00E+10
A0WWS,EK0636_2016-12-28_D_22,EK0636,D,F10,28/12/2016 03:00,28/12/2016 22:05,0,0,AC-EK-A0WWS,FL-EK-0636-20161229-DXB-PEW-0,PEW,28/12/2016 22:05,A0WGF,0,0,0,B7773ER,F10,0,none,1.00E+10
A0WWT,EK0344_2016-12-28_D_17,EK0344,D,B23,28/12/2016 03:00,28/12/2016 17:40,0,0,,FL-EK-0344-20161228-DXB-KUL-0,KUL,28/12/2016 17:40,A0WWT,0,0,0,B7773ER,B23,0,none,1.00E+10
A0WWT,EK0022_2016-12-28_A_15,EK0022,A,B23,28/12/2016 03:00,28/12/2016 15:45,0,0,,FL-EK-0022-20161228-MAN-DXB-0,DXB,28/12/2016 15:45,A0WWT,0,0,0,B7773ER,B23,0,none,1.00E+10
A0WWU,EK0923_2016-12-28_D_11,EK0923,D,B23,28/12/2016 03:00,28/12/2016 11:00,0,0,,FL-EK-0923-20161228-DXB-CAI-0,CAI,28/12/2016 11:00,A0WWU,0,0,0,B7773ER,B23,0,none,1.00E+10
A0WWU,EK0350_2016-12-29_D_16,EK0350,D,HGR,28/12/2016 03:00,29/12/2016 16:15,0,0,AC-EK-A0WWU,FL-EK-0350-20161229-DXB-BKK-0,BKK,29/12/2016 16:15,A0WMN,0,0,0,B7773ER,HGR,0,none,1.00E+10
A0WWV,EK0157_2016-12-28_D_04,EK0157,D,C47,28/12/2016 03:00,28/12/2016 04:10,0,59,,FL-EK-0157-20161228-DXB-ARN-0,ARN,28/12/2016 05:09,A0WWV,0,0,0,B7773ER,C47,0,none,1.00E+10
A0WWW,EK0038_2016-12-28_A_03,EK0038,A,B17,28/12/2016 03:00,28/12/2016 03:40,0,0,,FL-EK-0038-20161227-BHX-DXB-0,DXB,28/12/2016 03:40,A0WWW,0,0,0,B7773ER,B17,0,none,1.00E+10
A0WWW,EK0392_2016-12-28_D_05,EK0392,D,B17,28/12/2016 03:00,28/12/2016 05:40,0,149,,FL-EK-0392-20161228-DXB-SGN-0,SGN,28/12/2016 08:09,A0WWW,0,0,0,B7773ER,B17,0,none,1.00E+10
A0WWX,EK0778_2016-12-28_D_06,EK0778,D,D01,28/12/2016 03:00,28/12/2016 06:50,0,15,,FL-EK-0778-20161228-DXB-CPT-0,CPT,28/12/2016 07:05,A0WWX,0,0,0,B7773ER,D01,0,none,1.00E+10
A0WWY,EK0713_2016-12-28_D_05,EK0713,D,C43,28/12/2016 03:00,28/12/2016 05:25,0,35,,FL-EK-0713-20161228-DXB-LUN-0,LUN,28/12/2016 06:00,A0WWY,0,0,0,B7773ER,C43,0,none,1.00E+10
A0WWZ,EK0368_2016-12-28_D_15,EK0368,D,B18L,28/12/2016 03:00,28/12/2016 15:05,0,0,,FL-EK-0368-20161228-DXB-CGK-0,CGK,28/12/2016 15:05,A0WWZ,0,0,0,B7773ER,B18L,0,none,1.00E+10
A0WWZ,EK0583_2016-12-28_A_11,EK0583,A,B18L,28/12/2016 03:00,28/12/2016 11:15,0,0,,FL-EK-0583-20161228-DAC-DXB-0,DXB,28/12/2016 11:15,A0WWZ,0,0,0,B7773ER,B18L,0,none,1.00E+10
